gene_symbol,ensembl_gene_id,is_oncogene,is_tumor_suppressor,is_cosmic_tier_1
ABL1,ENSG00000097007,True,False,True
AKT1,ENSG00000142208,True,False,True
ALK,ENSG00000171094,True,False,True
AMER1,ENSG00000184675,False,True,True
APC,ENSG00000134982,False,True,True
AR,ENSG00000169083,True,False,True
ARID1A,ENSG00000117713,False,True,True
ASXL1,ENSG00000171456,False,True,True
ATM,ENSG00000149311,False,True,True
ATRX,ENSG00000085224,False,True,True
AXIN1,ENSG00000103126,False,True,True
BAP1,ENSG00000163930,False,True,True
BCL2,ENSG00000171791,True,False,True
BCOR,ENSG00000183337,False,True,True
BRAF,ENSG00000157764,True,False,True
BRCA1,ENSG00000012048,False,True,True
BRCA2,ENSG00000139618,False,True,True
CARD11,ENSG00000198286,True,False,True
CBL,ENSG00000110395,False,True,True
CDC73,ENSG00000134371,False,True,True
CDH1,ENSG00000039068,False,True,True
CDKN2A,ENSG00000147889,False,True,True
CEBPA,ENSG00000245848,False,True,True
CIC,ENSG00000079432,False,True,True
CREBBP,ENSG00000005339,False,True,True
CTNNB1,ENSG00000168036,True,False,True
DAXX,ENSG00000204209,False,True,True
DNMT3A,ENSG00000119772,False,True,True
EGFR,ENSG00000146648,True,False,True
EP300,ENSG00000100393,False,True,True
ERBB2,ENSG00000141736,True,False,True
EZH2,ENSG00000106462,True,True,True
FBXW7,ENSG00000109670,False,True,True
FGFR2,ENSG00000066468,True,False,True
FGFR3,ENSG00000068078,True,False,True
FLT3,ENSG00000122025,True,False,True
FOXL2,ENSG00000183770,True,True,True
GATA3,ENSG00000107485,True,True,True
GNA11,ENSG00000088256,True,False,True
GNAQ,ENSG00000156052,True,False,True
GNAS,ENSG00000087460,True,False,True
HNF1A,ENSG00000135100,False,True,True
HRAS,ENSG00000174775,True,False,True
IDH1,ENSG00000138413,True,False,True
IDH2,ENSG00000182054,True,False,True
JAK1,ENSG00000162434,True,True,True
JAK2,ENSG00000096968,True,False,True
JAK3,ENSG00000105639,True,False,True
KDM5C,ENSG00000126012,False,True,True
KDM6A,ENSG00000147050,False,True,True
KIT,ENSG00000157404,True,False,True
KMT2D,ENSG00000167548,False,True,True
KRAS,ENSG00000133703,True,False,True
MAP2K1,ENSG00000169032,True,False,True
MAP3K1,ENSG00000095015,False,True,True
MED12,ENSG00000184634,True,True,True
MEN1,ENSG00000133895,False,True,True
MET,ENSG00000105976,True,False,True
MLH1,ENSG00000076242,False,True,True
MPL,ENSG00000117400,True,False,True
MSH2,ENSG00000095002,False,True,True
MSH6,ENSG00000116062,False,True,True
MYD88,ENSG00000172936,True,False,True
NF1,ENSG00000196712,False,True,True
NF2,ENSG00000186575,False,True,True
NFE2L2,ENSG00000116044,True,False,True
NOTCH1,ENSG00000148400,True,True,True
NOTCH2,ENSG00000134250,True,True,True
NPM1,ENSG00000181163,False,True,True
NRAS,ENSG00000213281,True,False,True
PAX5,ENSG00000196092,True,True,True
PBRM1,ENSG00000163939,False,True,True
PDGFRA,ENSG00000134853,True,False,True
PIK3CA,ENSG00000121879,True,False,True
PIK3R1,ENSG00000145675,False,True,True
PPP2R1A,ENSG00000105568,False,True,True
PRDM1,ENSG00000057657,False,True,True
PTCH1,ENSG00000185920,False,True,True
PTEN,ENSG00000171862,False,True,True
PTPN11,ENSG00000179295,True,False,True
RB1,ENSG00000139687,False,True,True
RET,ENSG00000165731,True,False,True
RNF43,ENSG00000108375,False,True,True
SETD2,ENSG00000181555,False,True,True
SF3B1,ENSG00000115524,True,False,True
SMAD2,ENSG00000175387,False,True,True
SMAD4,ENSG00000141646,False,True,True
SMARCA4,ENSG00000127616,False,True,True
SMARCB1,ENSG00000099956,False,True,True
SMO,ENSG00000128602,True,False,True
SOCS1,ENSG00000185338,False,True,True
SPOP,ENSG00000121067,False,True,True
STAG2,ENSG00000101972,False,True,True
STK11,ENSG00000118046,False,True,True
TET2,ENSG00000168769,False,True,True
TNFAIP3,ENSG00000118503,False,True,True
TP53,ENSG00000141510,False,True,True
TSC1,ENSG00000165699,False,True,True
U2AF1,ENSG00000160201,True,False,True
VHL,ENSG00000134086,False,True,True
WT1,ENSG00000184937,True,True,True
AKT2,ENSG00000105221,True,False,True
ARID2,ENSG00000189079,False,True,True
ATR,ENSG00000175054,False,True,True
B2M,ENSG00000166710,False,True,True
BARD1,ENSG00000138376,False,True,True
BCL6,ENSG00000113916,True,False,True
BRD4,ENSG00000141867,True,False,True
BRIP1,ENSG00000136492,False,True,True
BTK,ENSG00000010671,True,False,True
CALR,ENSG00000179218,True,False,True
CASP8,ENSG00000064012,False,True,True
CBFB,ENSG00000067955,False,True,True
CCND1,ENSG00000110092,True,False,True
CCND2,ENSG00000118971,True,False,True
CCND3,ENSG00000112576,True,False,True
CCNE1,ENSG00000105173,True,False,True
CD274,ENSG00000120217,True,False,True
CD79A,ENSG00000105369,True,False,True
CD79B,ENSG00000007312,True,False,True
CDK12,ENSG00000167258,False,True,True
CDK4,ENSG00000135446,True,False,True
CDK6,ENSG00000105810,True,False,True
CDKN1B,ENSG00000111276,False,True,True
CDKN2C,ENSG00000123080,False,True,True
CHEK2,ENSG00000183765,False,True,True
CRLF2,ENSG00000205755,True,False,True
CSF1R,ENSG00000182578,False,False,False
CSF3R,ENSG00000119535,True,False,True
CTCF,ENSG00000102974,False,True,True
CXCR4,ENSG00000121966,True,False,True
DDR2,ENSG00000162733,True,False,True
ERBB3,ENSG00000065361,True,False,True
ERBB4,ENSG00000178568,True,False,True
ERG,ENSG00000157554,True,False,True
ESR1,ENSG00000091831,True,False,True
ETV6,ENSG00000139083,False,True,True
FANCA,ENSG00000187741,False,True,True
FANCC,ENSG00000158169,False,True,True
FGFR1,ENSG00000077782,True,False,True
FGFR4,ENSG00000160867,True,False,True
FLCN,ENSG00000154803,False,True,True
FUBP1,ENSG00000162613,False,True,True
GATA1,ENSG00000102145,False,False,True
GATA2,ENSG00000179348,True,False,True
H3-3A,ENSG00000163041,True,False,True
H3C2,ENSG00000286522,False,False,True
HGF,ENSG00000019991,True,False,True
IKZF1,ENSG00000185811,False,False,True
IRF4,ENSG00000137265,True,False,True
JUN,ENSG00000177606,True,False,True
KDM5A,ENSG00000073614,True,False,True
KDR,ENSG00000128052,True,False,True
KEAP1,ENSG00000079999,False,True,True
KMT2A,ENSG00000118058,False,True,True
KMT2C,ENSG00000055609,False,True,True
MAP2K2,ENSG00000126934,True,False,True
MAP2K4,ENSG00000065559,False,True,True
MAPK1,ENSG00000100030,True,False,True
MDM2,ENSG00000135679,True,False,True
MDM4,ENSG00000198625,True,False,True
MITF,ENSG00000187098,True,True,True
MTOR,ENSG00000198793,True,False,True
MUTYH,ENSG00000132781,False,True,True
MYC,ENSG00000136997,True,False,True
MYCL,ENSG00000116990,True,False,True
MYCN,ENSG00000134323,True,False,True
NKX2-1,ENSG00000136352,True,False,True
NSD2,ENSG00000109685,True,False,True
NSD3,ENSG00000147548,False,False,True
NTRK1,ENSG00000198400,True,False,True
NTRK2,ENSG00000148053,True,False,True
NTRK3,ENSG00000140538,True,False,True
PALB2,ENSG00000083093,False,True,True
PDCD1LG2,ENSG00000197646,True,False,True
PDGFRB,ENSG00000113721,True,False,True
PHF6,ENSG00000156531,False,True,True
PIM1,ENSG00000137193,False,False,True
PRKAR1A,ENSG00000108946,False,False,True
RAD21,ENSG00000164754,False,True,True
RAF1,ENSG00000132155,True,False,True
RARA,ENSG00000131759,False,False,True
ROS1,ENSG00000047936,True,False,True
RUNX1,ENSG00000159216,False,True,True
SDHA,ENSG00000073578,False,True,True
SDHB,ENSG00000117118,False,True,True
SDHC,ENSG00000143252,False,True,True
SDHD,ENSG00000204370,False,True,True
SOX2,ENSG00000181449,True,False,True
SPEN,ENSG00000065526,False,True,True
SRC,ENSG00000197122,True,False,True
SRSF2,ENSG00000161547,False,False,True
STAT3,ENSG00000168610,True,False,True
SUFU,ENSG00000107882,False,True,True
SYK,ENSG00000165025,True,False,True
TENT5C,ENSG00000183508,False,True,True
TGFBR2,ENSG00000163513,False,True,True
TMPRSS2,ENSG00000184012,False,False,True
TNFRSF14,ENSG00000157873,False,True,True
TSC2,ENSG00000103197,False,True,True
XPO1,ENSG00000082898,True,False,True
AKT3,ENSG00000117020,True,False,False
ARAF,ENSG00000078061,True,False,False
ARID1B,ENSG00000049618,False,True,True
AURKA,ENSG00000087586,True,False,False
AURKB,ENSG00000178999,True,False,False
AXL,ENSG00000167601,True,False,False
BCL10,ENSG00000142867,False,True,True
BCORL1,ENSG00000085185,False,True,True
BCR,ENSG00000186716,True,False,True
BIRC3,ENSG00000023445,False,False,True
BLM,ENSG00000197299,False,True,True
BTG1,ENSG00000133639,False,True,True
CDK8,ENSG00000132964,True,False,False
CDKN2B,ENSG00000147883,False,True,False
CHEK1,ENSG00000149554,False,True,False
CRKL,ENSG00000099942,True,False,False
CYLD,ENSG00000083799,False,True,True
DOT1L,ENSG00000104885,True,False,False
EED,ENSG00000074266,False,True,False
EIF4A2,ENSG00000156976,True,False,True
EPHA3,ENSG00000044524,False,True,False
EPHB1,ENSG00000154928,True,True,False
ERCC4,ENSG00000175595,False,True,True
ETV1,ENSG00000006468,True,False,True
FAS,ENSG00000026103,False,True,True
FGF19,ENSG00000162344,True,False,False
FGF3,ENSG00000186895,True,False,False
FGF4,ENSG00000075388,True,False,False
FH,ENSG00000091483,False,True,True
FLT1,ENSG00000102755,True,False,False
FLT4,ENSG00000037280,True,False,True
FOXO1,ENSG00000150907,False,True,True
FOXP1,ENSG00000114861,True,True,True
GRIN2A,ENSG00000183454,False,True,True
GSK3B,ENSG00000082701,True,False,False
ID3,ENSG00000117318,False,True,False
IGF1R,ENSG00000140443,True,False,False
IKBKE,ENSG00000263528,True,False,False
IL7R,ENSG00000168685,True,False,True
INPP4B,ENSG00000109452,False,True,False
IRS2,ENSG00000185950,True,False,False
KLF4,ENSG00000136826,True,True,True
LMO1,ENSG00000166407,True,False,True
MALT1,ENSG00000172175,False,False,True
MAP3K13,ENSG00000073803,True,False,True
MCL1,ENSG00000143384,True,False,False
MEF2B,ENSG00000213999,True,False,False
MRE11,ENSG00000020922,False,True,False
MSH3,ENSG00000113318,False,True,False
MSI2,ENSG00000153944,True,False,True
NBN,ENSG00000104320,False,True,True
NCOR1,ENSG00000141027,False,True,True
NFKBIA,ENSG00000100906,False,True,False
NSD1,ENSG00000165671,True,True,True
NT5C2,ENSG00000076685,True,False,True
P2RY8,ENSG00000182162,False,True,True
PDCD1,ENSG00000188389,True,False,False
PIK3CB,ENSG00000051382,True,False,True
PMS2,ENSG00000122512,False,True,True
POLD1,ENSG00000062822,False,True,True
POLE,ENSG00000177084,False,True,True
POT1,ENSG00000128513,False,True,True
PPARG,ENSG00000132170,True,False,True
RAC1,ENSG00000136238,True,False,True
RAD50,ENSG00000113522,False,True,True
RAD51,ENSG00000051180,False,True,False
RAD51B,ENSG00000182185,False,True,True
RBM10,ENSG00000182872,False,True,True
REL,ENSG00000162924,True,False,True
RHOA,ENSG00000067560,True,False,True
RICTOR,ENSG00000164327,True,False,False
RPTOR,ENSG00000141564,True,False,False
SETBP1,ENSG00000152217,True,False,True
SOX9,ENSG00000125398,True,True,False
STAT5B,ENSG00000173757,True,False,True
SUZ12,ENSG00000178691,False,True,True
TBX3,ENSG00000135111,False,True,True
TCF3,ENSG00000071564,False,True,True
TERT,ENSG00000164362,True,False,True
TET1,ENSG00000138336,False,True,True
TOP1,ENSG00000198900,True,False,True
TP63,ENSG00000073282,True,True,True
TRAF7,ENSG00000131653,False,False,True
TSHR,ENSG00000165409,True,False,False
ZRSR2,ENSG00000169249,False,False,True
ACVR1,ENSG00000115170,True,False,True
ACVR1B,ENSG00000135503,False,True,True
ALOX12B,ENSG00000179477,True,True,False
AXIN2,ENSG00000168646,False,True,True
BCL11B,ENSG00000127152,False,True,True
BCL2L1,ENSG00000171552,False,False,False
BMPR1A,ENSG00000107779,False,True,True
CDKN1A,ENSG00000124762,False,True,False
CIITA,ENSG00000179583,False,True,True
CUL3,ENSG00000036257,False,True,False
CUX1,ENSG00000257923,False,True,True
DDX3X,ENSG00000215301,False,True,True
DICER1,ENSG00000100697,False,True,True
DIS3,ENSG00000083520,False,True,False
DNAJB1,ENSG00000132002,False,False,True
DNMT1,ENSG00000130816,True,False,False
DROSHA,ENSG00000113360,False,False,True
EPAS1,ENSG00000116016,False,False,True
EPHA5,ENSG00000145242,False,False,False
EPHA7,ENSG00000135333,True,True,False
ERCC2,ENSG00000104884,False,True,True
ERCC3,ENSG00000163161,False,True,True
ERCC5,ENSG00000134899,False,True,True
ERRFI1,ENSG00000116285,False,True,False
ETV4,ENSG00000175832,True,False,True
ETV5,ENSG00000244405,True,False,True
EWSR1,ENSG00000182944,True,False,True
FANCD2,ENSG00000144554,False,True,True
FANCG,ENSG00000221829,False,True,True
FAT1,ENSG00000083857,False,True,True
FBXO11,ENSG00000138081,False,True,True
FOXA1,ENSG00000129514,True,True,True
GLI1,ENSG00000111087,True,False,False
GNA13,ENSG00000120063,True,True,False
H1-2,ENSG00000187837,False,False,False
H3-3B,ENSG00000132475,False,False,True
HDAC1,ENSG00000116478,True,False,False
HLA-A,ENSG00000206503,False,True,True
IKZF3,ENSG00000161405,True,True,True
INHBA,ENSG00000122641,True,True,False
LATS1,ENSG00000131023,False,True,True
LATS2,ENSG00000150457,False,True,True
LYN,ENSG00000254087,True,False,False
MAF,ENSG00000178573,False,False,True
MAP3K14,ENSG00000006062,True,False,False
MAX,ENSG00000125952,False,True,True
MLLT1,ENSG00000130382,False,False,True
MST1R,ENSG00000164078,True,False,False
MYB,ENSG00000118513,True,False,True
MYOD1,ENSG00000129152,False,True,True
NCOR2,ENSG00000196498,False,False,True
NOTCH3,ENSG00000074181,True,True,False
NUP93,ENSG00000102900,False,False,False
PARP1,ENSG00000143799,False,True,False
PHOX2B,ENSG00000109132,False,True,True
PIK3C2G,ENSG00000139144,False,False,False
PIK3CG,ENSG00000105851,True,False,False
PIK3R2,ENSG00000105647,False,True,False
PLCG2,ENSG00000197943,True,False,False
PPM1D,ENSG00000170836,True,False,True
PPP6C,ENSG00000119414,False,True,True
PREX2,ENSG00000046889,False,False,True
PRKCI,ENSG00000163558,True,False,False
PRKN,ENSG00000185345,False,True,False
PTPRT,ENSG00000196090,False,True,True
RAD51C,ENSG00000108384,False,True,False
RAD51D,ENSG00000185379,False,True,False
RAD52,ENSG00000002016,False,False,False
RAD54L,ENSG00000085999,False,False,False
RECQL4,ENSG00000160957,False,True,True
RRAS2,ENSG00000133818,True,False,True
RUNX1T1,ENSG00000079102,True,False,True
SDHAF2,ENSG00000167985,False,True,True
SGK1,ENSG00000118515,True,False,False
SH2B3,ENSG00000111252,False,True,True
SMAD3,ENSG00000166949,False,True,True
STAT5A,ENSG00000126561,True,False,False
STAT6,ENSG00000166888,True,False,True
TBL1XR1,ENSG00000177565,True,False,True
TCF7L2,ENSG00000148737,False,True,True
TEK,ENSG00000120156,False,False,False
TMEM127,ENSG00000135956,False,True,True
TRAF2,ENSG00000127191,False,False,False
VEGFA,ENSG00000112715,True,False,False
WWTR1,ENSG00000018408,True,False,True
XRCC2,ENSG00000196584,False,True,False
ZFHX3,ENSG00000140836,False,True,True
ABL2,ENSG00000143322,True,False,True
ABRAXAS1,ENSG00000163322,False,True,False
AFF4,ENSG00000072364,True,False,True
AGO2,ENSG00000123908,False,False,False
ANKRD11,ENSG00000167522,False,True,False
ARHGAP26,ENSG00000145819,True,True,True
ARHGAP35,ENSG00000160007,True,True,True
ARHGEF12,ENSG00000196914,True,True,True
ARID5B,ENSG00000150347,False,True,False
ASXL2,ENSG00000143970,False,True,False
ATF1,ENSG00000123268,True,False,True
ATIC,ENSG00000138363,True,False,True
BABAM1,ENSG00000105393,False,False,False
BBC3,ENSG00000105327,False,True,False
BCL2L11,ENSG00000153094,False,True,False
BCL3,ENSG00000069399,True,False,True
BCL7A,ENSG00000110987,False,True,True
BCL9,ENSG00000116128,True,False,True
BTG2,ENSG00000159388,False,True,False
CARM1,ENSG00000142453,False,False,False
CBFA2T3,ENSG00000129993,False,True,True
CCNQ,ENSG00000262919,False,True,False
CD22,ENSG00000012124,False,False,False
CD276,ENSG00000103855,True,False,False
CD58,ENSG00000116815,False,True,False
CD70,ENSG00000125726,True,False,False
CD74,ENSG00000019582,True,False,True
CDC42,ENSG00000070831,True,False,False
CENPA,ENSG00000115163,False,False,False
CLTCL1,ENSG00000070371,False,False,True
CNTRL,ENSG00000119397,False,False,True
COL1A1,ENSG00000108821,True,False,True
COP1,ENSG00000143207,True,False,False
CSDE1,ENSG00000009307,False,False,False
CTLA4,ENSG00000163599,True,False,False
CTNNA1,ENSG00000044115,False,True,False
CYSLTR2,ENSG00000152207,True,False,False
DCUN1D1,ENSG00000043093,True,False,False
DDIT3,ENSG00000175197,False,False,True
DEK,ENSG00000124795,True,False,True
DNM2,ENSG00000079805,True,False,True
DNMT3B,ENSG00000088305,False,True,False
DTX1,ENSG00000135144,False,True,False
DUSP22,ENSG00000112679,False,True,False
DUSP4,ENSG00000120875,False,True,False
E2F3,ENSG00000112242,True,False,False
EBF1,ENSG00000164330,False,False,True
EGFL7,ENSG00000172889,True,False,False
EIF1AX,ENSG00000173674,False,False,False
EIF4E,ENSG00000151247,True,False,False
ELF3,ENSG00000163435,True,True,False
ELF4,ENSG00000102034,True,False,True
ELL,ENSG00000105656,True,False,True
ELOC,ENSG00000154582,False,False,False
EMSY,ENSG00000158636,True,False,False
EPCAM,ENSG00000119888,False,True,False
ERF,ENSG00000105722,False,True,False
ETNK1,ENSG00000139163,False,False,True
EZH1,ENSG00000108799,True,False,False
FANCE,ENSG00000112039,False,True,True
FANCF,ENSG00000183161,False,True,True
FANCL,ENSG00000115392,False,True,False
FEV,ENSG00000163497,False,False,True
FGF10,ENSG00000070193,True,False,False
FGF14,ENSG00000102466,False,True,False
FGF23,ENSG00000118972,True,False,False
FGF6,ENSG00000111241,True,False,False
FHIT,ENSG00000189283,False,True,True
FLI1,ENSG00000151702,True,False,True
FOXO3,ENSG00000118689,False,False,True
FUS,ENSG00000089280,True,False,True
FYN,ENSG00000010810,True,False,False
GNA12,ENSG00000146535,True,False,False
GNB1,ENSG00000078369,True,False,False
GPS2,ENSG00000132522,False,True,False
GREM1,ENSG00000166923,True,False,False
H1-3,ENSG00000124575,False,True,False
H1-4,ENSG00000168298,True,False,False
H2AC11,ENSG00000196787,False,False,False
H2AC16,ENSG00000276903,False,False,False
H2AC17,ENSG00000278677,True,False,False
H2AC6,ENSG00000180573,False,False,False
H2BC11,ENSG00000124635,False,False,False
H2BC12,ENSG00000197903,False,False,False
H2BC17,ENSG00000274641,False,False,False
H2BC4,ENSG00000180596,False,False,False
H2BC5,ENSG00000158373,False,False,False
H3-4,ENSG00000168148,False,False,False
H3-5,ENSG00000188375,False,False,False
H3C1,ENSG00000275714,False,False,False
H3C10,ENSG00000278828,False,False,False
H3C11,ENSG00000275379,False,False,False
H3C12,ENSG00000197153,False,False,False
H3C13,ENSG00000183598,False,False,False
H3C14,ENSG00000203811,False,False,False
H3C3,ENSG00000287080,False,False,False
H3C4,ENSG00000197409,False,False,False
H3C6,ENSG00000274750,False,False,False
H3C7,ENSG00000277775,False,False,False
H3C8,ENSG00000273983,False,False,False
HDAC4,ENSG00000068024,True,True,False
HDAC7,ENSG00000061273,True,False,False
HIF1A,ENSG00000100644,True,False,True
HLA-B,ENSG00000234745,False,True,False
HMGA1,ENSG00000137309,True,False,True
HMGA2,ENSG00000149948,True,False,True
HOXA11,ENSG00000005073,False,True,True
HOXB13,ENSG00000159184,True,True,False
HSP90AA1,ENSG00000080824,True,False,True
ICOSLG,ENSG00000160223,True,False,False
IFNGR1,ENSG00000027697,False,True,False
IGF1,ENSG00000017427,True,False,False
IGF2,ENSG00000167244,True,False,False
IL10,ENSG00000136634,False,False,False
INHA,ENSG00000123999,False,True,False
INPP4A,ENSG00000040933,False,False,False
INPPL1,ENSG00000165458,False,True,False
INSR,ENSG00000171105,True,False,False
IRF1,ENSG00000125347,False,True,False
IRF8,ENSG00000140968,False,True,False
IRS1,ENSG00000169047,True,False,False
JARID2,ENSG00000008083,True,True,False
KAT6A,ENSG00000083168,False,False,True
KLHL6,ENSG00000172578,True,True,False
KMT2B,ENSG00000272333,False,True,False
KMT5A,ENSG00000183955,False,False,False
KNSTRN,ENSG00000128944,False,False,False
LCK,ENSG00000182866,True,False,True
LEF1,ENSG00000138795,True,False,True
LMO2,ENSG00000135363,True,False,True
LRP1B,ENSG00000168702,False,True,True
LZTR1,ENSG00000099949,False,True,True
MAFB,ENSG00000204103,True,False,True
MAPK3,ENSG00000102882,True,False,False
MAPKAP1,ENSG00000119487,False,False,False
MDC1,ENSG00000137337,False,False,False
MECOM,ENSG00000085276,True,False,True
MGA,ENSG00000174197,False,True,False
MLLT10,ENSG00000078403,True,False,True
MLLT3,ENSG00000171843,True,False,True
MN1,ENSG00000169184,True,False,True
MSI1,ENSG00000135097,True,False,False
MST1,ENSG00000173531,False,True,False
MTAP,ENSG00000099810,False,True,False
MYH11,ENSG00000133392,False,True,True
NCOA3,ENSG00000124151,True,False,False
NCSTN,ENSG00000162736,True,False,False
NEGR1,ENSG00000172260,False,False,False
NKX3-1,ENSG00000167034,False,True,False
NOTCH4,ENSG00000204301,True,True,False
NR4A3,ENSG00000119508,True,False,True
NTHL1,ENSG00000065057,False,True,False
NUF2,ENSG00000143228,True,False,False
NUP214,ENSG00000126883,True,False,True
NUP98,ENSG00000110713,True,False,True
NUTM1,ENSG00000184507,False,False,True
PAK1,ENSG00000149269,True,False,False
PAK5,ENSG00000101349,True,False,False
PAX3,ENSG00000135903,True,False,True
PAX7,ENSG00000009709,True,False,True
PCBP1,ENSG00000169564,False,False,False
PDGFB,ENSG00000100311,True,False,True
PDK1,ENSG00000152256,True,False,False
PDPK1,ENSG00000140992,False,False,False
PGR,ENSG00000082175,True,False,False
PIK3C3,ENSG00000078142,False,False,False
PIK3CD,ENSG00000171608,True,False,False
PIK3R3,ENSG00000117461,False,True,False
PLCG1,ENSG00000124181,True,False,True
PLK2,ENSG00000145632,False,False,False
PMAIP1,ENSG00000141682,False,True,False
PML,ENSG00000140464,False,True,True
PMS1,ENSG00000064933,False,True,False
PNRC1,ENSG00000146278,False,False,False
PPP4R2,ENSG00000163605,False,False,False
PRDM14,ENSG00000147596,False,False,False
PRKD1,ENSG00000184304,False,False,False
PTP4A1,ENSG00000112245,False,False,False
PTPN2,ENSG00000175354,False,True,False
PTPRD,ENSG00000153707,False,True,False
PTPRS,ENSG00000105426,False,True,False
QKI,ENSG00000112531,False,True,True
RAB35,ENSG00000111737,True,False,False
RAC2,ENSG00000128340,True,False,False
RASA1,ENSG00000145715,False,True,False
RBM15,ENSG00000162775,True,True,True
RECQL,ENSG00000004700,False,True,False
RHEB,ENSG00000106615,True,False,False
RIT1,ENSG00000143622,True,False,False
RPS6KA4,ENSG00000162302,True,False,False
RPS6KB2,ENSG00000175634,True,False,False
RRAGC,ENSG00000116954,True,False,False
RRAS,ENSG00000126458,True,False,False
RTEL1,ENSG00000258366,False,True,False
RXRA,ENSG00000186350,False,False,False
RYBP,ENSG00000163602,False,True,False
SESN1,ENSG00000080546,False,True,False
SESN2,ENSG00000130766,False,True,False
SESN3,ENSG00000149212,False,True,False
SET,ENSG00000119335,True,False,True
SETDB1,ENSG00000143379,True,True,False
SH2D1A,ENSG00000183918,False,True,False
SHOC2,ENSG00000108061,True,False,False
SHQ1,ENSG00000144736,False,True,False
SLX4,ENSG00000188827,False,True,False
SMARCD1,ENSG00000066117,False,False,False
SMARCE1,ENSG00000073584,True,True,True
SMC1A,ENSG00000072501,False,True,False
SMC3,ENSG00000108055,False,True,False
SMYD3,ENSG00000185420,True,False,False
SOS1,ENSG00000115904,True,False,False
SOX17,ENSG00000164736,False,True,False
SPRED1,ENSG00000166068,False,True,False
SS18,ENSG00000141380,True,False,True
STK19,ENSG00000204344,True,False,False
STK40,ENSG00000196182,False,False,False
TAL1,ENSG00000162367,True,False,True
TAP1,ENSG00000168394,False,False,False
TAP2,ENSG00000204267,False,False,False
TCL1A,ENSG00000100721,True,False,True
TFE3,ENSG00000068323,True,False,True
TGFBR1,ENSG00000106799,False,True,False
TLX1,ENSG00000107807,True,False,True
TLX3,ENSG00000164438,True,False,True
TNFRSF17,ENSG00000048462,True,False,True
TP53BP1,ENSG00000067369,False,True,False
TRAF3,ENSG00000131323,False,True,False
TRAF5,ENSG00000082512,False,True,False
TYK2,ENSG00000105397,True,False,False
U2AF2,ENSG00000063244,False,False,False
UBR5,ENSG00000104517,True,False,True
UPF1,ENSG00000005007,False,False,False
USP8,ENSG00000138592,True,False,True
VTCN1,ENSG00000134258,False,False,False
XBP1,ENSG00000100219,True,False,False
XIAP,ENSG00000101966,True,False,False
YAP1,ENSG00000137693,True,False,False
YES1,ENSG00000176105,True,False,False
ZNF217,ENSG00000171940,True,False,False
ABI1,ENSG00000136754,False,False,True
ACKR3,ENSG00000144476,True,True,True
ACTG1,ENSG00000184009,False,True,False
AFDN,ENSG00000130396,False,False,True
AFF1,ENSG00000172493,False,False,True
AGO1,ENSG00000092847,True,False,False
ALB,ENSG00000163631,False,False,False
APLNR,ENSG00000134817,True,True,False
ARFRP1,ENSG00000101246,False,False,False
ARHGEF28,ENSG00000214944,True,False,False
ARID3A,ENSG00000116017,False,True,False
ARID3B,ENSG00000179361,True,False,False
ARID3C,ENSG00000205143,False,False,False
ARID4A,ENSG00000032219,False,True,False
ARID4B,ENSG00000054267,False,True,False
ARID5A,ENSG00000196843,False,False,False
ARNT,ENSG00000143437,False,False,True
ATP1A1,ENSG00000163399,True,True,True
ATP6AP1,ENSG00000071553,False,False,False
ATP6V1B2,ENSG00000147416,False,True,False
ATXN2,ENSG00000204842,False,True,False
ATXN7,ENSG00000163635,True,False,False
BACH2,ENSG00000112182,False,True,False
BCL11A,ENSG00000119866,False,False,True
BCL2L2,ENSG00000129473,False,False,False
BRD3,ENSG00000169925,True,False,True
BRSK1,ENSG00000160469,False,True,False
CACNA1D,ENSG00000157388,True,False,True
CAD,ENSG00000084774,True,False,False
CAMTA1,ENSG00000171735,False,False,True
CANT1,ENSG00000171302,True,False,True
CARS1,ENSG00000110619,False,False,True
CD28,ENSG00000178562,True,False,False
CDH11,ENSG00000140937,True,False,True
CDX2,ENSG00000165556,False,False,True
CEP43,ENSG00000213066,False,False,True
CHD2,ENSG00000173575,False,True,False
CHD4,ENSG00000111642,True,False,True
CLTC,ENSG00000141367,False,False,True
CMTR2,ENSG00000180917,False,True,False
COL2A1,ENSG00000139219,False,True,True
CRBN,ENSG00000113851,False,True,False
CREB1,ENSG00000118260,True,False,True
CREB3L1,ENSG00000157613,False,False,True
CREB3L2,ENSG00000182158,False,False,True
CTR9,ENSG00000198730,False,True,False
CUL4A,ENSG00000139842,True,False,False
CYP19A1,ENSG00000137869,True,False,False
DDX10,ENSG00000178105,False,False,True
DDX5,ENSG00000108654,True,False,True
DDX6,ENSG00000110367,False,False,True
ECT2L,ENSG00000203734,False,True,False
EGR1,ENSG00000120738,False,True,False
EIF3E,ENSG00000104408,False,False,True
ELK4,ENSG00000158711,True,False,True
ELN,ENSG00000049540,True,False,False
EML4,ENSG00000143924,False,False,True
EP400,ENSG00000183495,False,True,False
EPHB4,ENSG00000196411,True,False,False
EPOR,ENSG00000187266,True,False,False
EPS15,ENSG00000085832,False,False,True
ERC1,ENSG00000082805,True,False,True
ESCO2,ENSG00000171320,False,True,False
ETAA1,ENSG00000143971,False,True,False
ETS1,ENSG00000134954,True,True,False
EXT1,ENSG00000182197,False,True,True
EZHIP,ENSG00000187690,True,False,False
EZR,ENSG00000092820,False,False,True
FCGR2B,ENSG00000072694,False,False,True
FCRL4,ENSG00000163518,False,False,True
FES,ENSG00000182511,True,False,True
FOXF1,ENSG00000103241,True,True,False
FOXO4,ENSG00000184481,False,False,True
FRS2,ENSG00000166225,True,False,False
FSTL3,ENSG00000070404,False,False,True
FURIN,ENSG00000140564,True,False,False
GAB1,ENSG00000109458,True,False,False
GAB2,ENSG00000033327,True,False,False
GABRA6,ENSG00000145863,True,False,False
GAS7,ENSG00000007237,False,False,True
GATA4,ENSG00000136574,False,True,False
GATA6,ENSG00000141448,True,False,False
GID4,ENSG00000141034,False,False,False
GPHN,ENSG00000171723,False,False,True
GRM3,ENSG00000198822,False,False,False
GTF2I,ENSG00000263001,True,False,False
H1-5,ENSG00000184357,False,True,False
H2BC8,ENSG00000273802,False,False,False
H4C9,ENSG00000276180,False,False,True
HERPUD1,ENSG00000051108,False,False,True
HEY1,ENSG00000164683,False,False,True
HIP1,ENSG00000127946,False,False,True
HIRA,ENSG00000100084,False,True,False
HLA-C,ENSG00000204525,False,True,False
HLF,ENSG00000108924,False,False,True
HOXA13,ENSG00000106031,False,False,True
HOXA9,ENSG00000078399,False,False,True
HOXC11,ENSG00000123388,False,False,True
HOXC13,ENSG00000123364,False,False,True
HOXD11,ENSG00000128713,False,False,True
HOXD13,ENSG00000128714,False,False,True
HSD3B1,ENSG00000203857,True,False,False
HSP90AB1,ENSG00000096384,False,False,True
IGH,,False,False,True
IGK,,False,False,True
IGL,,False,False,True
IL21R,ENSG00000103522,False,False,True
IL3,ENSG00000164399,True,False,False
IL6ST,ENSG00000134352,True,False,True
IRF2,ENSG00000168310,False,True,False
ITK,ENSG00000113263,False,False,True
KBTBD4,ENSG00000123444,False,False,False
KDSR,ENSG00000119537,False,False,True
KEL,ENSG00000197993,True,False,False
KIF5B,ENSG00000170759,False,False,True
KLF5,ENSG00000102554,True,False,False
KSR2,ENSG00000171435,True,False,False
LASP1,ENSG00000002834,False,False,True
LPP,ENSG00000145012,False,False,True
LTB,ENSG00000227507,True,True,False
LTK,ENSG00000062524,True,False,False
LYL1,ENSG00000104903,False,False,True
MAD2L2,ENSG00000116670,True,True,False
MAP3K7,ENSG00000135341,True,False,False
MEF2C,ENSG00000081189,True,True,False
MERTK,ENSG00000153208,True,False,False
MGAM,ENSG00000257335,True,False,False
MKI67,ENSG00000148773,True,False,False
MLF1,ENSG00000178053,False,False,True
MLLT6,ENSG00000275023,False,False,True
MOB3B,ENSG00000120162,False,True,False
MPEG1,ENSG00000197629,False,False,False
MRTFA,ENSG00000196588,False,False,True
MSN,ENSG00000147065,False,False,True
MUC1,ENSG00000185499,False,False,True
MYH9,ENSG00000100345,False,False,True
MYO5A,ENSG00000197535,True,False,True
NADK,ENSG00000008130,True,False,False
NCOA2,ENSG00000140396,False,False,True
NDRG1,ENSG00000104419,False,False,True
NFE2,ENSG00000123405,True,False,False
NFKB2,ENSG00000077150,False,False,True
NIN,ENSG00000100503,False,False,True
NRG1,ENSG00000157168,True,False,True
NUMA1,ENSG00000137497,False,False,True
PAFAH1B2,ENSG00000168092,False,False,True
PAX8,ENSG00000125618,True,False,True
PBX1,ENSG00000185630,False,False,True
PCM1,ENSG00000078674,False,False,True
PDE4DIP,ENSG00000178104,False,False,True
PDS5B,ENSG00000083642,False,True,False
PER1,ENSG00000179094,False,False,True
PGBD5,ENSG00000177614,True,False,False
PICALM,ENSG00000073921,False,False,True
PIGA,ENSG00000165195,False,True,False
PIK3C2B,ENSG00000133056,True,False,False
PLAG1,ENSG00000181690,False,False,True
POU2AF1,ENSG00000110777,False,False,True
PPP2R2A,ENSG00000221914,False,True,False
PRDM16,ENSG00000142611,False,False,True
PRKACA,ENSG00000072062,True,False,True
PRKDC,ENSG00000253729,True,True,False
PRRX1,ENSG00000116132,False,False,True
PSIP1,ENSG00000164985,False,False,True
PTPN1,ENSG00000196396,True,True,False
PTPN13,ENSG00000163629,False,True,True
PTPRO,ENSG00000151490,False,False,False
RABEP1,ENSG00000029725,False,False,True
RANBP2,ENSG00000153201,True,False,True
RAP1GDS1,ENSG00000138698,False,False,True
RELN,ENSG00000189056,False,False,False
REST,ENSG00000084093,False,True,False
RHOH,ENSG00000168421,False,False,True
RNF213,ENSG00000173821,False,False,True
ROBO1,ENSG00000169855,False,True,False
RPL22,ENSG00000116251,False,False,True
RPL5,ENSG00000122406,False,True,True
RPN1,ENSG00000163902,False,False,True
RSPO2,ENSG00000147655,False,False,True
SAMHD1,ENSG00000101347,False,True,False
SCG5,ENSG00000166922,True,False,False
SDC4,ENSG00000124145,False,False,True
SERPINB3,ENSG00000057149,True,True,False
SERPINB4,ENSG00000206073,False,False,False
SETD1A,ENSG00000099381,True,False,False
SETD1B,ENSG00000139718,False,False,False
SETD3,ENSG00000183576,False,False,False
SETD4,ENSG00000185917,False,False,False
SETD5,ENSG00000168137,False,False,False
SETD6,ENSG00000103037,False,False,False
SETD7,ENSG00000145391,False,False,False
SETDB2,ENSG00000136169,False,True,False
SH3GL1,ENSG00000141985,False,False,True
SLC34A2,ENSG00000157765,False,False,True
SLFN11,ENSG00000172716,False,True,False
SMARCA2,ENSG00000080503,False,True,False
SMG1,ENSG00000157106,False,True,False
SOCS3,ENSG00000184557,False,True,False
SOX10,ENSG00000100146,True,False,False
SP140,ENSG00000079263,False,True,False
SPRTN,ENSG00000010072,False,True,False
SRSF3,ENSG00000112081,False,False,True
SSX1,ENSG00000126752,False,False,True
SSX2,ENSG00000241476,False,False,True
SSX4,ENSG00000268009,False,False,True
STAG1,ENSG00000118007,False,True,False
STAT4,ENSG00000138378,True,False,False
TAF1,ENSG00000147133,True,False,False
TAF15,ENSG00000270647,False,False,True
TAL2,ENSG00000186051,False,False,True
TET3,ENSG00000187605,False,True,False
TFG,ENSG00000114354,False,False,True
TPM3,ENSG00000143549,False,False,True
TPM4,ENSG00000167460,False,False,True
TRIM24,ENSG00000122779,False,False,True
TRIM27,ENSG00000204713,True,False,True
TRIP11,ENSG00000100815,False,False,True
TRIP13,ENSG00000071539,True,True,False
USP6,ENSG00000129204,False,False,True
VAV1,ENSG00000141968,True,False,False
VAV2,ENSG00000160293,True,False,False
WIF1,ENSG00000156076,False,True,True
XPC,ENSG00000154767,False,True,True
ZBTB16,ENSG00000109906,False,False,True
ZBTB7A,ENSG00000178951,True,True,False
ZMYM2,ENSG00000121741,False,False,True
ZMYM3,ENSG00000147130,False,True,False
ZNF384,ENSG00000126746,False,False,True
ZNF521,ENSG00000198795,False,False,True
ZNF703,ENSG00000183779,False,False,False
ZNRF3,ENSG00000183579,False,True,False
ACSL3,ENSG00000123983,False,False,True
ACSL6,ENSG00000164398,False,False,False
ACTB,ENSG00000075624,False,False,False
ACVR2A,ENSG00000121989,False,False,True
ADGRA2,ENSG00000020181,False,False,False
ADHFE1,ENSG00000147576,True,False,False
AFF3,ENSG00000144218,False,False,True
AJUBA,ENSG00000129474,False,True,False
ALDH1L2,ENSG00000136010,True,False,False
ALDH2,ENSG00000111275,False,True,False
ANKRD26,ENSG00000107890,True,False,False
APH1A,ENSG00000117362,False,False,False
APOBEC3B,ENSG00000179750,False,False,True
ASMTL,ENSG00000169093,False,False,False
ASPSCR1,ENSG00000169696,False,False,True
ATG5,ENSG00000057663,False,False,False
ATP2B3,ENSG00000067842,False,False,True
ATRIP,ENSG00000164053,False,True,False
BAALC,ENSG00000164929,True,False,False
BAX,ENSG00000087088,False,False,True
BCL9L,ENSG00000186174,False,False,True
BTLA,ENSG00000186265,False,False,False
BUB1B,ENSG00000156970,False,False,True
CBLB,ENSG00000114423,False,False,True
CBLC,ENSG00000142273,False,False,True
CCDC6,ENSG00000108091,False,False,True
CCN6,ENSG00000112761,False,False,False
CCNB1IP1,ENSG00000100814,False,False,True
CCNB3,ENSG00000147082,True,False,False
CCT6B,ENSG00000132141,False,False,False
CD19,ENSG00000177455,True,False,False
CD36,ENSG00000135218,False,False,False
CDH2,ENSG00000170558,True,False,False
CDH4,ENSG00000179242,True,False,False
CHCHD7,ENSG00000170791,False,False,True
CHIC2,ENSG00000109220,False,False,False
CHN1,ENSG00000128656,False,False,False
CHTF8,ENSG00000168802,False,True,False
CILK1,ENSG00000112144,False,False,False
CKS1B,ENSG00000173207,False,False,False
CLIP1,ENSG00000130779,False,False,True
CLP1,ENSG00000172409,False,False,False
CNBP,ENSG00000169714,False,False,True
CNOT3,ENSG00000088038,False,False,True
CPS1,ENSG00000021826,False,False,False
CRTC1,ENSG00000105662,False,False,True
CRTC3,ENSG00000140577,False,False,True
CSF1,ENSG00000184371,False,False,False
CYP17A1,ENSG00000148795,False,False,False
DAZAP1,ENSG00000071626,False,False,False
DCTN1,ENSG00000204843,False,False,True
DDB2,ENSG00000134574,False,False,True
DDR1,ENSG00000204580,False,False,False
DDX4,ENSG00000152670,True,False,False
DDX41,ENSG00000183258,False,True,False
DKK1,ENSG00000107984,False,False,False
DKK2,ENSG00000155011,False,False,False
DKK3,ENSG00000050165,False,False,False
DKK4,ENSG00000104371,False,False,False
DPYD,ENSG00000188641,False,False,False
DUSP2,ENSG00000158050,False,False,False
DUSP9,ENSG00000130829,False,False,False
ECSIT,ENSG00000130159,True,False,False
EIF2B1,ENSG00000111361,False,True,False
ELP2,ENSG00000134759,False,False,False
ERCC1,ENSG00000012061,False,True,False
EXOSC6,ENSG00000223496,False,False,False
EXT2,ENSG00000151348,False,False,True
FAF1,ENSG00000185104,False,False,False
FANCM,ENSG00000187790,False,True,False
FAT4,ENSG00000196159,False,False,True
FBXO31,ENSG00000103264,False,False,False
FBXW2,ENSG00000119402,False,False,False
FGF1,ENSG00000113578,True,False,False
FGF12,ENSG00000114279,False,False,False
FGF2,ENSG00000138685,True,False,False
FGF5,ENSG00000138675,True,False,False
FGF7,ENSG00000140285,True,False,False
FIP1L1,ENSG00000145216,False,False,True
FLYWCH1,ENSG00000059122,False,False,False
FNBP1,ENSG00000187239,False,False,False
FOLH1,ENSG00000086205,True,False,False
FOLR1,ENSG00000110195,True,False,False
FOXN4,ENSG00000139445,True,False,False
FSTL1,ENSG00000163430,True,False,False
FZR1,ENSG00000105325,True,True,False
GADD45B,ENSG00000099860,False,False,False
GMPS,ENSG00000163655,False,False,False
GOLGA5,ENSG00000066455,False,False,True
GOPC,ENSG00000047932,False,False,True
GPC3,ENSG00000147257,False,False,True
GRB7,ENSG00000141738,True,False,False
GTSE1,ENSG00000075218,False,False,False
H3C15,ENSG00000203852,False,False,False
H3P6,ENSG00000235655,False,False,False
H4C6,ENSG00000274618,False,False,False
HDAC2,ENSG00000196591,True,False,False
HFE,ENSG00000010704,True,False,False
HNF1B,ENSG00000275410,False,False,False
HNRNPA2B1,ENSG00000122566,False,False,True
HOOK3,ENSG00000168172,False,False,True
HOXA3,ENSG00000105997,False,False,False
HSD17B2,ENSG00000086696,False,True,False
HTATIP2,ENSG00000109854,False,True,False
ID1,ENSG00000125968,True,False,False
IFNAR1,ENSG00000142166,False,False,False
IKBKB,ENSG00000104365,False,False,True
IKZF2,ENSG00000030419,False,False,False
IL2,ENSG00000109471,False,False,True
ING1,ENSG00000153487,False,True,False
INPP5D,ENSG00000168918,False,False,False
INTS6,ENSG00000102786,False,True,False
IQGAP1,ENSG00000140575,True,False,False
IRS4,ENSG00000133124,False,False,True
ITPKB,ENSG00000143772,True,False,False
JAZF1,ENSG00000153814,False,False,False
KAT6B,ENSG00000156650,False,False,True
KAT7,ENSG00000136504,True,False,False
KCNJ5,ENSG00000120457,False,False,True
KDM2B,ENSG00000089094,False,False,False
KDM4C,ENSG00000107077,False,False,False
KDM5D,ENSG00000012817,True,True,False
KLF2,ENSG00000127528,False,True,False
KLF3,ENSG00000109787,False,True,False
KLF6,ENSG00000067082,False,False,True
KLK2,ENSG00000167751,False,False,True
KNL1,ENSG00000137812,False,False,True
KTN1,ENSG00000126777,False,False,True
LARP4B,ENSG00000107929,False,False,False
LCP1,ENSG00000136167,False,False,False
LGR5,ENSG00000139292,True,False,False
LIFR,ENSG00000113594,False,False,True
LMNA,ENSG00000160789,False,False,True
LRIG3,ENSG00000139263,False,False,True
LRP5,ENSG00000162337,True,True,False
LRP6,ENSG00000070018,True,False,False
LRRK2,ENSG00000188906,False,False,False
MAGED1,ENSG00000179222,False,False,False
MAL2,ENSG00000147676,False,True,False
MAML2,ENSG00000184384,False,False,True
MAP3K21,ENSG00000143674,True,False,False
MAP3K6,ENSG00000142733,False,False,False
MAP4K4,ENSG00000071054,True,False,False
MBD4,ENSG00000129071,False,True,False
MBD6,ENSG00000166987,False,True,False
MDS2,ENSG00000197880,False,False,False
MEF2D,ENSG00000116604,True,False,False
MIB1,ENSG00000101752,False,False,False
MIDEAS,ENSG00000156030,False,True,False
MKNK1,ENSG00000079277,False,False,False
MLH3,ENSG00000119684,False,True,False
MLLT11,ENSG00000213190,False,False,True
MNX1,ENSG00000130675,False,False,False
MS4A1,ENSG00000156738,False,False,False
MTCP1,ENSG00000214827,False,False,True
MTHFD2,ENSG00000065911,True,False,False
MYBL1,ENSG00000185697,True,False,False
MYO18A,ENSG00000196535,False,False,False
NAB2,ENSG00000166886,False,False,True
NACA,ENSG00000196531,False,False,False
NBEAP1,ENSG00000258590,False,False,False
NCOA1,ENSG00000084676,False,False,True
NCOA4,ENSG00000266412,False,False,True
NFATC2,ENSG00000101096,False,False,True
NFIB,ENSG00000147862,False,False,True
NFKBIE,ENSG00000146232,False,False,True
NOD1,ENSG00000106100,False,False,False
NONO,ENSG00000147140,False,False,True
NQO1,ENSG00000181019,True,False,False
NUTM2A,ENSG00000184923,False,False,False
NUTM2B,ENSG00000188199,False,False,True
NUTM2D,ENSG00000214562,False,False,True
OLIG2,ENSG00000205927,False,False,True
OMD,ENSG00000127083,False,False,False
ONECUT2,ENSG00000119547,True,False,False
PAG1,ENSG00000076641,False,False,False
PAK3,ENSG00000077264,False,False,False
PARP2,ENSG00000129484,False,False,False
PARP3,ENSG00000041880,False,False,False
PASK,ENSG00000115687,False,False,False
PATZ1,ENSG00000100105,False,False,True
PC,ENSG00000173599,False,False,False
PCLO,ENSG00000186472,False,False,False
PCSK7,ENSG00000160613,False,False,False
PDCD11,ENSG00000148843,False,False,False
PHF1,ENSG00000112511,False,False,False
PHF19,ENSG00000119403,True,False,False
PHLPP1,ENSG00000081913,False,True,False
PHLPP2,ENSG00000040199,False,True,False
POLG,ENSG00000140521,False,False,False
POLQ,ENSG00000051341,False,False,True
POU2F2,ENSG00000028277,True,False,False
POU3F2,ENSG00000184486,True,False,False
POU3F4,ENSG00000196767,True,False,False
POU5F1,ENSG00000204531,False,False,True
PPFIBP1,ENSG00000110841,False,False,True
PPP1CB,ENSG00000213639,False,False,False
PRCC,ENSG00000143294,False,False,True
PRF1,ENSG00000180644,False,False,True
PRPF8,ENSG00000174231,False,True,False
PRSS1,ENSG00000204983,False,False,False
PRSS8,ENSG00000052344,False,False,False
PSMB2,ENSG00000126067,True,False,False
PTK6,ENSG00000101213,False,False,True
PTK7,ENSG00000112655,False,False,False
PTPN14,ENSG00000152104,False,True,False
PTPN6,ENSG00000111679,False,False,False
PTPRB,ENSG00000127329,False,False,True
PTPRC,ENSG00000081237,False,False,True
PTPRK,ENSG00000152894,False,False,True
PUM1,ENSG00000134644,False,False,False
RAD17,ENSG00000152942,False,True,False
RALGDS,ENSG00000160271,False,False,False
RASGEF1A,ENSG00000198915,False,False,False
REV3L,ENSG00000009413,True,False,False
RMI2,ENSG00000175643,False,False,True
RNASEH2A,ENSG00000104889,True,False,False
RNASEH2B,ENSG00000136104,False,True,False
RNF217-AS1,ENSG00000236548,False,False,False
RPL10,ENSG00000147403,False,False,True
RPS15,ENSG00000115268,True,False,False
RSPO3,ENSG00000146374,False,False,True
RUNX2,ENSG00000124813,False,False,False
S1PR2,ENSG00000267534,False,False,False
SALL4,ENSG00000101115,False,False,True
SBDS,ENSG00000126524,False,False,True
SEC31A,ENSG00000138674,False,False,False
SEPTIN5,ENSG00000184702,False,False,False
SEPTIN6,ENSG00000125354,False,False,False
SEPTIN9,ENSG00000184640,False,False,False
SERP2,ENSG00000151778,False,False,False
SF3B2,ENSG00000087365,True,False,False
SFPQ,ENSG00000116560,False,False,True
SFRP1,ENSG00000104332,False,True,False
SFRP2,ENSG00000145423,True,True,False
SFRP4,ENSG00000106483,False,False,True
SIX1,ENSG00000126778,False,False,True
SLC1A2,ENSG00000110436,False,False,False
SLC45A3,ENSG00000158715,False,False,True
SLC9A3R1,ENSG00000109062,True,True,False
SLIT2,ENSG00000145147,False,False,False
SLIT3,ENSG00000184347,False,True,False
SMARCA1,ENSG00000102038,False,False,False
SNCAIP,ENSG00000064692,False,False,False
SND1,ENSG00000197157,False,False,True
SNX29,ENSG00000048471,False,False,False
SOCS2,ENSG00000120833,False,False,False
SQSTM1,ENSG00000161011,True,False,False
SRP72,ENSG00000174780,True,False,False
SS18L1,ENSG00000184402,False,False,True
STAT1,ENSG00000115415,False,False,False
STAT2,ENSG00000170581,False,False,False
STIL,ENSG00000123473,False,False,True
STRN,ENSG00000115808,False,False,True
SZT2,ENSG00000198198,False,False,False
TCEA1,ENSG00000187735,False,False,True
TCF12,ENSG00000140262,False,False,True
TCL1B,ENSG00000213231,True,False,False
TEC,ENSG00000135605,False,False,False
TERC,ENSG00000270141,False,False,False
TFEB,ENSG00000112561,False,False,True
TFPT,ENSG00000105619,False,False,False
TFRC,ENSG00000072274,False,False,False
TIGAR,ENSG00000078237,True,False,False
TIPARP,ENSG00000163659,False,False,False
TLE1,ENSG00000196781,False,False,False
TLE2,ENSG00000065717,False,False,False
TLE3,ENSG00000140332,False,False,False
TLE4,ENSG00000106829,False,False,False
TLL2,ENSG00000095587,False,False,False
TMEM30A,ENSG00000112697,False,False,False
TMSB4XP8,ENSG00000187653,False,False,False
TNFRSF11A,ENSG00000141655,False,False,False
TNFSF13,ENSG00000161955,True,False,False
TONSL,ENSG00000160949,False,False,False
TPR,ENSG00000047410,False,False,True
TRIB3,ENSG00000101255,True,False,False
TRIM33,ENSG00000197323,False,False,True
TRRAP,ENSG00000196367,False,False,True
TTL,ENSG00000114999,False,False,False
TUSC3,ENSG00000104723,False,False,False
TYRO3,ENSG00000092445,False,False,False
UBE2A,ENSG00000077721,True,False,False
UCHL1,ENSG00000154277,True,False,False
WAS,ENSG00000015285,False,False,True
WDCP,ENSG00000163026,False,False,True
WDR90,ENSG00000161996,False,False,False
WRN,ENSG00000165392,False,False,True
WWP1,ENSG00000123124,True,False,False
XPA,ENSG00000136936,False,False,True
XRCC1,ENSG00000073050,False,True,False
YPEL5,ENSG00000119801,False,False,False
YWHAE,ENSG00000108953,False,False,True
YY1,ENSG00000100811,True,False,False
YY1AP1,ENSG00000163374,False,False,False
ZBTB20,ENSG00000181722,True,True,False
ZFP36L1,ENSG00000185650,False,True,False
ZFP36L2,ENSG00000152518,False,True,False
ZNF24,ENSG00000172466,False,False,False
ZNF331,ENSG00000130844,False,False,True
ZNF750,ENSG00000141579,False,True,False
