Sample Names,MutationTypes,mutsig
PD3851a,A[C>A]A,SBS40
PD3851a,A[C>A]C,SBS40
PD3851a,A[C>A]G,SBS40
PD3851a,A[C>A]T,SBS40
PD3851a,A[C>G]A,SBS40
PD3851a,A[C>G]C,SBS40
PD3851a,A[C>G]G,SBS40
PD3851a,A[C>G]T,SBS40
PD3851a,A[C>T]A,SBS40
PD3851a,A[C>T]C,SBS40
PD3851a,A[C>T]G,SBS1
PD3851a,A[C>T]T,SBS40
PD3851a,A[T>A]A,SBS40
PD3851a,A[T>A]C,SBS40
PD3851a,A[T>A]G,SBS40
PD3851a,A[T>A]T,SBS40
PD3851a,A[T>C]A,SBS40
PD3851a,A[T>C]C,SBS40
PD3851a,A[T>C]G,SBS40
PD3851a,A[T>C]T,SBS40
PD3851a,A[T>G]A,SBS40
PD3851a,A[T>G]C,SBS40
PD3851a,A[T>G]G,SBS40
PD3851a,A[T>G]T,SBS40
PD3851a,C[C>A]A,SBS40
PD3851a,C[C>A]C,SBS40
PD3851a,C[C>A]G,SBS40
PD3851a,C[C>A]T,SBS40
PD3851a,C[C>G]A,SBS40
PD3851a,C[C>G]C,SBS40
PD3851a,C[C>G]G,SBS40
PD3851a,C[C>G]T,SBS40
PD3851a,C[C>T]A,SBS40
PD3851a,C[C>T]C,SBS40
PD3851a,C[C>T]G,SBS1
PD3851a,C[C>T]T,SBS40
PD3851a,C[T>A]A,SBS5
PD3851a,C[T>A]C,SBS40
PD3851a,C[T>A]G,SBS40
PD3851a,C[T>A]T,SBS40
PD3851a,C[T>C]A,SBS40
PD3851a,C[T>C]C,SBS40
PD3851a,C[T>C]G,SBS40
PD3851a,C[T>C]T,SBS40
PD3851a,C[T>G]A,SBS40
PD3851a,C[T>G]C,SBS40
PD3851a,C[T>G]G,SBS40
PD3851a,C[T>G]T,SBS40
PD3851a,G[C>A]A,SBS40
PD3851a,G[C>A]C,SBS40
PD3851a,G[C>A]G,SBS40
PD3851a,G[C>A]T,SBS40
PD3851a,G[C>G]A,SBS40
PD3851a,G[C>G]C,SBS40
PD3851a,G[C>G]G,SBS40
PD3851a,G[C>G]T,SBS40
PD3851a,G[C>T]A,SBS40
PD3851a,G[C>T]C,SBS40
PD3851a,G[C>T]G,SBS1
PD3851a,G[C>T]T,SBS40
PD3851a,G[T>A]A,SBS40
PD3851a,G[T>A]C,SBS40
PD3851a,G[T>A]G,SBS40
PD3851a,G[T>A]T,SBS40
PD3851a,G[T>C]A,SBS40
PD3851a,G[T>C]C,SBS40
PD3851a,G[T>C]G,SBS40
PD3851a,G[T>C]T,SBS40
PD3851a,G[T>G]A,SBS40
PD3851a,G[T>G]C,SBS40
PD3851a,G[T>G]G,SBS40
PD3851a,G[T>G]T,SBS40
PD3851a,T[C>A]A,SBS40
PD3851a,T[C>A]C,SBS40
PD3851a,T[C>A]G,SBS40
PD3851a,T[C>A]T,SBS40
PD3851a,T[C>G]A,SBS40
PD3851a,T[C>G]C,SBS40
PD3851a,T[C>G]G,SBS40
PD3851a,T[C>G]T,SBS40
PD3851a,T[C>T]A,SBS40
PD3851a,T[C>T]C,SBS40
PD3851a,T[C>T]G,SBS1
PD3851a,T[C>T]T,SBS40
PD3851a,T[T>A]A,SBS40
PD3851a,T[T>A]C,SBS40
PD3851a,T[T>A]G,SBS40
PD3851a,T[T>A]T,SBS40
PD3851a,T[T>C]A,SBS40
PD3851a,T[T>C]C,SBS40
PD3851a,T[T>C]G,SBS40
PD3851a,T[T>C]T,SBS40
PD3851a,T[T>G]A,SBS40
PD3851a,T[T>G]C,SBS40
PD3851a,T[T>G]G,SBS40
PD3851a,T[T>G]T,SBS40
PD3890a,A[C>A]A,SBS3
PD3890a,A[C>A]C,SBS3
PD3890a,A[C>A]G,SBS3
PD3890a,A[C>A]T,SBS3
PD3890a,A[C>G]A,SBS3
PD3890a,A[C>G]C,SBS3
PD3890a,A[C>G]G,SBS5
PD3890a,A[C>G]T,SBS3
PD3890a,A[C>T]A,SBS3
PD3890a,A[C>T]C,SBS3
PD3890a,A[C>T]G,SBS1
PD3890a,A[C>T]T,SBS3
PD3890a,A[T>A]A,SBS3
PD3890a,A[T>A]C,SBS3
PD3890a,A[T>A]G,SBS3
PD3890a,A[T>A]T,SBS3
PD3890a,A[T>C]A,SBS3
PD3890a,A[T>C]C,SBS3
PD3890a,A[T>C]G,SBS3
PD3890a,A[T>C]T,SBS3
PD3890a,A[T>G]A,SBS3
PD3890a,A[T>G]C,SBS3
PD3890a,A[T>G]G,SBS3
PD3890a,A[T>G]T,SBS3
PD3890a,C[C>A]A,SBS3
PD3890a,C[C>A]C,SBS3
PD3890a,C[C>A]G,SBS3
PD3890a,C[C>A]T,SBS3
PD3890a,C[C>G]A,SBS3
PD3890a,C[C>G]C,SBS3
PD3890a,C[C>G]G,SBS3
PD3890a,C[C>G]T,SBS3
PD3890a,C[C>T]A,SBS3
PD3890a,C[C>T]C,SBS3
PD3890a,C[C>T]G,SBS1
PD3890a,C[C>T]T,SBS3
PD3890a,C[T>A]A,SBS3
PD3890a,C[T>A]C,SBS3
PD3890a,C[T>A]G,SBS3
PD3890a,C[T>A]T,SBS3
PD3890a,C[T>C]A,SBS3
PD3890a,C[T>C]C,SBS3
PD3890a,C[T>C]G,SBS3
PD3890a,C[T>C]T,SBS3
PD3890a,C[T>G]A,SBS3
PD3890a,C[T>G]C,SBS3
PD3890a,C[T>G]G,SBS3
PD3890a,C[T>G]T,SBS3
PD3890a,G[C>A]A,SBS3
PD3890a,G[C>A]C,SBS3
PD3890a,G[C>A]G,SBS3
PD3890a,G[C>A]T,SBS3
PD3890a,G[C>G]A,SBS3
PD3890a,G[C>G]C,SBS3
PD3890a,G[C>G]G,SBS3
PD3890a,G[C>G]T,SBS3
PD3890a,G[C>T]A,SBS3
PD3890a,G[C>T]C,SBS3
PD3890a,G[C>T]G,SBS1
PD3890a,G[C>T]T,SBS3
PD3890a,G[T>A]A,SBS3
PD3890a,G[T>A]C,SBS3
PD3890a,G[T>A]G,SBS3
PD3890a,G[T>A]T,SBS3
PD3890a,G[T>C]A,SBS3
PD3890a,G[T>C]C,SBS3
PD3890a,G[T>C]G,SBS3
PD3890a,G[T>C]T,SBS3
PD3890a,G[T>G]A,SBS3
PD3890a,G[T>G]C,SBS3
PD3890a,G[T>G]G,SBS3
PD3890a,G[T>G]T,SBS3
PD3890a,T[C>A]A,SBS13
PD3890a,T[C>A]C,SBS3
PD3890a,T[C>A]G,SBS13
PD3890a,T[C>A]T,SBS3
PD3890a,T[C>G]A,SBS13
PD3890a,T[C>G]C,SBS3
PD3890a,T[C>G]G,SBS13
PD3890a,T[C>G]T,SBS13
PD3890a,T[C>T]A,SBS2
PD3890a,T[C>T]C,SBS3
PD3890a,T[C>T]G,
PD3890a,T[C>T]T,SBS2
PD3890a,T[T>A]A,SBS3
PD3890a,T[T>A]C,SBS3
PD3890a,T[T>A]G,SBS3
PD3890a,T[T>A]T,SBS3
PD3890a,T[T>C]A,SBS3
PD3890a,T[T>C]C,SBS3
PD3890a,T[T>C]G,SBS3
PD3890a,T[T>C]T,SBS3
PD3890a,T[T>G]A,SBS3
PD3890a,T[T>G]C,SBS3
PD3890a,T[T>G]G,SBS3
PD3890a,T[T>G]T,SBS3
PD3904a,A[C>A]A,SBS40
PD3904a,A[C>A]C,SBS40
PD3904a,A[C>A]G,SBS40
PD3904a,A[C>A]T,SBS40
PD3904a,A[C>G]A,SBS40
PD3904a,A[C>G]C,SBS40
PD3904a,A[C>G]G,SBS40
PD3904a,A[C>G]T,SBS40
PD3904a,A[C>T]A,SBS40
PD3904a,A[C>T]C,SBS40
PD3904a,A[C>T]G,SBS1
PD3904a,A[C>T]T,SBS40
PD3904a,A[T>A]A,SBS40
PD3904a,A[T>A]C,SBS40
PD3904a,A[T>A]G,SBS40
PD3904a,A[T>A]T,SBS40
PD3904a,A[T>C]A,SBS40
PD3904a,A[T>C]C,SBS40
PD3904a,A[T>C]G,SBS40
PD3904a,A[T>C]T,SBS40
PD3904a,A[T>G]A,SBS40
PD3904a,A[T>G]C,SBS40
PD3904a,A[T>G]G,SBS40
PD3904a,A[T>G]T,SBS40
PD3904a,C[C>A]A,SBS40
PD3904a,C[C>A]C,SBS40
PD3904a,C[C>A]G,SBS40
PD3904a,C[C>A]T,SBS40
PD3904a,C[C>G]A,SBS40
PD3904a,C[C>G]C,SBS40
PD3904a,C[C>G]G,SBS40
PD3904a,C[C>G]T,SBS40
PD3904a,C[C>T]A,SBS40
PD3904a,C[C>T]C,SBS40
PD3904a,C[C>T]G,SBS1
PD3904a,C[C>T]T,SBS40
PD3904a,C[T>A]A,SBS40
PD3904a,C[T>A]C,SBS40
PD3904a,C[T>A]G,SBS40
PD3904a,C[T>A]T,SBS40
PD3904a,C[T>C]A,SBS40
PD3904a,C[T>C]C,SBS40
PD3904a,C[T>C]G,SBS40
PD3904a,C[T>C]T,SBS40
PD3904a,C[T>G]A,SBS40
PD3904a,C[T>G]C,SBS40
PD3904a,C[T>G]G,SBS40
PD3904a,C[T>G]T,SBS40
PD3904a,G[C>A]A,SBS40
PD3904a,G[C>A]C,SBS40
PD3904a,G[C>A]G,SBS40
PD3904a,G[C>A]T,SBS40
PD3904a,G[C>G]A,SBS40
PD3904a,G[C>G]C,SBS40
PD3904a,G[C>G]G,SBS40
PD3904a,G[C>G]T,SBS40
PD3904a,G[C>T]A,SBS40
PD3904a,G[C>T]C,SBS40
PD3904a,G[C>T]G,SBS1
PD3904a,G[C>T]T,SBS40
PD3904a,G[T>A]A,SBS40
PD3904a,G[T>A]C,SBS40
PD3904a,G[T>A]G,SBS40
PD3904a,G[T>A]T,SBS40
PD3904a,G[T>C]A,SBS40
PD3904a,G[T>C]C,SBS40
PD3904a,G[T>C]G,SBS40
PD3904a,G[T>C]T,SBS40
PD3904a,G[T>G]A,SBS40
PD3904a,G[T>G]C,SBS40
PD3904a,G[T>G]G,SBS40
PD3904a,G[T>G]T,SBS40
PD3904a,T[C>A]A,SBS40
PD3904a,T[C>A]C,SBS40
PD3904a,T[C>A]G,SBS40
PD3904a,T[C>A]T,SBS40
PD3904a,T[C>G]A,SBS13
PD3904a,T[C>G]C,SBS40
PD3904a,T[C>G]G,SBS40
PD3904a,T[C>G]T,SBS13
PD3904a,T[C>T]A,SBS2
PD3904a,T[C>T]C,SBS40
PD3904a,T[C>T]G,
PD3904a,T[C>T]T,
PD3904a,T[T>A]A,SBS40
PD3904a,T[T>A]C,SBS40
PD3904a,T[T>A]G,SBS40
PD3904a,T[T>A]T,SBS40
PD3904a,T[T>C]A,SBS40
PD3904a,T[T>C]C,SBS40
PD3904a,T[T>C]G,SBS40
PD3904a,T[T>C]T,SBS40
PD3904a,T[T>G]A,SBS40
PD3904a,T[T>G]C,SBS40
PD3904a,T[T>G]G,SBS40
PD3904a,T[T>G]T,SBS40
PD3905a,A[C>A]A,SBS40
PD3905a,A[C>A]C,SBS3
PD3905a,A[C>A]G,SBS40
PD3905a,A[C>A]T,SBS40
PD3905a,A[C>G]A,SBS3
PD3905a,A[C>G]C,SBS3
PD3905a,A[C>G]G,SBS40
PD3905a,A[C>G]T,SBS3
PD3905a,A[C>T]A,
PD3905a,A[C>T]C,SBS3
PD3905a,A[C>T]G,SBS1
PD3905a,A[C>T]T,SBS40
PD3905a,A[T>A]A,SBS3
PD3905a,A[T>A]C,SBS3
PD3905a,A[T>A]G,SBS3
PD3905a,A[T>A]T,SBS40
PD3905a,A[T>C]A,SBS3
PD3905a,A[T>C]C,SBS3
PD3905a,A[T>C]G,SBS40
PD3905a,A[T>C]T,
PD3905a,A[T>G]A,SBS40
PD3905a,A[T>G]C,SBS40
PD3905a,A[T>G]G,SBS40
PD3905a,A[T>G]T,SBS40
PD3905a,C[C>A]A,SBS3
PD3905a,C[C>A]C,SBS3
PD3905a,C[C>A]G,SBS3
PD3905a,C[C>A]T,SBS3
PD3905a,C[C>G]A,SBS3
PD3905a,C[C>G]C,SBS3
PD3905a,C[C>G]G,
PD3905a,C[C>G]T,SBS3
PD3905a,C[C>T]A,
PD3905a,C[C>T]C,SBS3
PD3905a,C[C>T]G,SBS1
PD3905a,C[C>T]T,SBS3
PD3905a,C[T>A]A,SBS3
PD3905a,C[T>A]C,SBS3
PD3905a,C[T>A]G,SBS3
PD3905a,C[T>A]T,SBS3
PD3905a,C[T>C]A,SBS40
PD3905a,C[T>C]C,SBS3
PD3905a,C[T>C]G,SBS3
PD3905a,C[T>C]T,SBS3
PD3905a,C[T>G]A,SBS3
PD3905a,C[T>G]C,SBS3
PD3905a,C[T>G]G,SBS3
PD3905a,C[T>G]T,SBS40
PD3905a,G[C>A]A,SBS40
PD3905a,G[C>A]C,SBS3
PD3905a,G[C>A]G,SBS40
PD3905a,G[C>A]T,SBS3
PD3905a,G[C>G]A,SBS3
PD3905a,G[C>G]C,SBS3
PD3905a,G[C>G]G,SBS3
PD3905a,G[C>G]T,SBS3
PD3905a,G[C>T]A,SBS3
PD3905a,G[C>T]C,SBS3
PD3905a,G[C>T]G,SBS1
PD3905a,G[C>T]T,SBS3
PD3905a,G[T>A]A,SBS3
PD3905a,G[T>A]C,SBS3
PD3905a,G[T>A]G,SBS3
PD3905a,G[T>A]T,SBS3
PD3905a,G[T>C]A,SBS3
PD3905a,G[T>C]C,SBS3
PD3905a,G[T>C]G,SBS3
PD3905a,G[T>C]T,SBS3
PD3905a,G[T>G]A,SBS3
PD3905a,G[T>G]C,SBS3
PD3905a,G[T>G]G,SBS3
PD3905a,G[T>G]T,SBS3
PD3905a,T[C>A]A,
PD3905a,T[C>A]C,
PD3905a,T[C>A]G,
PD3905a,T[C>A]T,SBS40
PD3905a,T[C>G]A,SBS13
PD3905a,T[C>G]C,
PD3905a,T[C>G]G,SBS13
PD3905a,T[C>G]T,SBS13
PD3905a,T[C>T]A,SBS2
PD3905a,T[C>T]C,
PD3905a,T[C>T]G,SBS1
PD3905a,T[C>T]T,SBS2
PD3905a,T[T>A]A,
PD3905a,T[T>A]C,SBS3
PD3905a,T[T>A]G,SBS3
PD3905a,T[T>A]T,SBS40
PD3905a,T[T>C]A,SBS3
PD3905a,T[T>C]C,SBS3
PD3905a,T[T>C]G,SBS3
PD3905a,T[T>C]T,SBS3
PD3905a,T[T>G]A,SBS3
PD3905a,T[T>G]C,SBS40
PD3905a,T[T>G]G,SBS3
PD3905a,T[T>G]T,SBS40
PD3945a,A[C>A]A,SBS40
PD3945a,A[C>A]C,SBS40
PD3945a,A[C>A]G,SBS40
PD3945a,A[C>A]T,SBS40
PD3945a,A[C>G]A,SBS40
PD3945a,A[C>G]C,SBS40
PD3945a,A[C>G]G,SBS40
PD3945a,A[C>G]T,SBS40
PD3945a,A[C>T]A,SBS40
PD3945a,A[C>T]C,SBS40
PD3945a,A[C>T]G,SBS1
PD3945a,A[C>T]T,SBS40
PD3945a,A[T>A]A,SBS40
PD3945a,A[T>A]C,SBS40
PD3945a,A[T>A]G,SBS40
PD3945a,A[T>A]T,SBS40
PD3945a,A[T>C]A,SBS40
PD3945a,A[T>C]C,SBS40
PD3945a,A[T>C]G,SBS40
PD3945a,A[T>C]T,SBS40
PD3945a,A[T>G]A,SBS40
PD3945a,A[T>G]C,SBS40
PD3945a,A[T>G]G,SBS40
PD3945a,A[T>G]T,SBS40
PD3945a,C[C>A]A,SBS40
PD3945a,C[C>A]C,SBS40
PD3945a,C[C>A]G,SBS40
PD3945a,C[C>A]T,SBS40
PD3945a,C[C>G]A,SBS40
PD3945a,C[C>G]C,SBS40
PD3945a,C[C>G]G,SBS40
PD3945a,C[C>G]T,SBS40
PD3945a,C[C>T]A,SBS40
PD3945a,C[C>T]C,SBS40
PD3945a,C[C>T]G,SBS1
PD3945a,C[C>T]T,SBS40
PD3945a,C[T>A]A,SBS40
PD3945a,C[T>A]C,SBS40
PD3945a,C[T>A]G,SBS40
PD3945a,C[T>A]T,SBS40
PD3945a,C[T>C]A,SBS40
PD3945a,C[T>C]C,SBS40
PD3945a,C[T>C]G,SBS40
PD3945a,C[T>C]T,SBS40
PD3945a,C[T>G]A,SBS40
PD3945a,C[T>G]C,SBS40
PD3945a,C[T>G]G,SBS40
PD3945a,C[T>G]T,SBS40
PD3945a,G[C>A]A,SBS40
PD3945a,G[C>A]C,SBS40
PD3945a,G[C>A]G,SBS40
PD3945a,G[C>A]T,SBS40
PD3945a,G[C>G]A,SBS40
PD3945a,G[C>G]C,SBS40
PD3945a,G[C>G]G,SBS40
PD3945a,G[C>G]T,SBS40
PD3945a,G[C>T]A,SBS40
PD3945a,G[C>T]C,SBS40
PD3945a,G[C>T]G,SBS1
PD3945a,G[C>T]T,SBS40
PD3945a,G[T>A]A,SBS40
PD3945a,G[T>A]C,SBS40
PD3945a,G[T>A]G,SBS40
PD3945a,G[T>A]T,SBS40
PD3945a,G[T>C]A,SBS40
PD3945a,G[T>C]C,SBS40
PD3945a,G[T>C]G,SBS40
PD3945a,G[T>C]T,SBS40
PD3945a,G[T>G]A,SBS40
PD3945a,G[T>G]C,SBS40
PD3945a,G[T>G]G,SBS40
PD3945a,G[T>G]T,SBS40
PD3945a,T[C>A]A,SBS40
PD3945a,T[C>A]C,SBS40
PD3945a,T[C>A]G,SBS40
PD3945a,T[C>A]T,SBS40
PD3945a,T[C>G]A,SBS40
PD3945a,T[C>G]C,SBS40
PD3945a,T[C>G]G,SBS40
PD3945a,T[C>G]T,SBS40
PD3945a,T[C>T]A,SBS40
PD3945a,T[C>T]C,SBS40
PD3945a,T[C>T]G,SBS1
PD3945a,T[C>T]T,SBS40
PD3945a,T[T>A]A,SBS40
PD3945a,T[T>A]C,SBS40
PD3945a,T[T>A]G,SBS40
PD3945a,T[T>A]T,SBS40
PD3945a,T[T>C]A,SBS40
PD3945a,T[T>C]C,SBS40
PD3945a,T[T>C]G,SBS40
PD3945a,T[T>C]T,SBS40
PD3945a,T[T>G]A,SBS40
PD3945a,T[T>G]C,SBS40
PD3945a,T[T>G]G,SBS40
PD3945a,T[T>G]T,SBS40
PD4005a,A[C>A]A,SBS3
PD4005a,A[C>A]C,SBS3
PD4005a,A[C>A]G,SBS3
PD4005a,A[C>A]T,SBS3
PD4005a,A[C>G]A,SBS3
PD4005a,A[C>G]C,SBS3
PD4005a,A[C>G]G,SBS5
PD4005a,A[C>G]T,SBS3
PD4005a,A[C>T]A,SBS3
PD4005a,A[C>T]C,SBS3
PD4005a,A[C>T]G,SBS1
PD4005a,A[C>T]T,SBS3
PD4005a,A[T>A]A,SBS3
PD4005a,A[T>A]C,SBS3
PD4005a,A[T>A]G,SBS3
PD4005a,A[T>A]T,SBS3
PD4005a,A[T>C]A,SBS3
PD4005a,A[T>C]C,SBS3
PD4005a,A[T>C]G,SBS3
PD4005a,A[T>C]T,SBS3
PD4005a,A[T>G]A,SBS3
PD4005a,A[T>G]C,SBS3
PD4005a,A[T>G]G,SBS3
PD4005a,A[T>G]T,SBS3
PD4005a,C[C>A]A,SBS3
PD4005a,C[C>A]C,SBS3
PD4005a,C[C>A]G,SBS3
PD4005a,C[C>A]T,SBS3
PD4005a,C[C>G]A,SBS3
PD4005a,C[C>G]C,SBS3
PD4005a,C[C>G]G,SBS3
PD4005a,C[C>G]T,SBS3
PD4005a,C[C>T]A,SBS3
PD4005a,C[C>T]C,SBS3
PD4005a,C[C>T]G,SBS1
PD4005a,C[C>T]T,SBS3
PD4005a,C[T>A]A,SBS3
PD4005a,C[T>A]C,SBS3
PD4005a,C[T>A]G,SBS3
PD4005a,C[T>A]T,SBS3
PD4005a,C[T>C]A,SBS3
PD4005a,C[T>C]C,SBS3
PD4005a,C[T>C]G,SBS3
PD4005a,C[T>C]T,SBS3
PD4005a,C[T>G]A,SBS3
PD4005a,C[T>G]C,SBS3
PD4005a,C[T>G]G,SBS3
PD4005a,C[T>G]T,SBS3
PD4005a,G[C>A]A,SBS3
PD4005a,G[C>A]C,SBS3
PD4005a,G[C>A]G,SBS3
PD4005a,G[C>A]T,SBS3
PD4005a,G[C>G]A,SBS3
PD4005a,G[C>G]C,SBS3
PD4005a,G[C>G]G,SBS3
PD4005a,G[C>G]T,SBS3
PD4005a,G[C>T]A,SBS3
PD4005a,G[C>T]C,SBS3
PD4005a,G[C>T]G,SBS1
PD4005a,G[C>T]T,SBS3
PD4005a,G[T>A]A,SBS3
PD4005a,G[T>A]C,SBS3
PD4005a,G[T>A]G,SBS3
PD4005a,G[T>A]T,SBS3
PD4005a,G[T>C]A,SBS3
PD4005a,G[T>C]C,SBS3
PD4005a,G[T>C]G,SBS3
PD4005a,G[T>C]T,SBS3
PD4005a,G[T>G]A,SBS3
PD4005a,G[T>G]C,SBS3
PD4005a,G[T>G]G,SBS3
PD4005a,G[T>G]T,SBS3
PD4005a,T[C>A]A,SBS13
PD4005a,T[C>A]C,
PD4005a,T[C>A]G,SBS13
PD4005a,T[C>A]T,SBS13
PD4005a,T[C>G]A,SBS13
PD4005a,T[C>G]C,SBS13
PD4005a,T[C>G]G,SBS13
PD4005a,T[C>G]T,SBS13
PD4005a,T[C>T]A,SBS2
PD4005a,T[C>T]C,SBS2
PD4005a,T[C>T]G,
PD4005a,T[C>T]T,SBS2
PD4005a,T[T>A]A,SBS3
PD4005a,T[T>A]C,SBS3
PD4005a,T[T>A]G,SBS3
PD4005a,T[T>A]T,SBS3
PD4005a,T[T>C]A,SBS3
PD4005a,T[T>C]C,SBS3
PD4005a,T[T>C]G,SBS3
PD4005a,T[T>C]T,SBS3
PD4005a,T[T>G]A,SBS3
PD4005a,T[T>G]C,SBS3
PD4005a,T[T>G]G,SBS3
PD4005a,T[T>G]T,SBS3
PD4006a,A[C>A]A,SBS40
PD4006a,A[C>A]C,SBS3
PD4006a,A[C>A]G,SBS40
PD4006a,A[C>A]T,SBS40
PD4006a,A[C>G]A,SBS3
PD4006a,A[C>G]C,SBS3
PD4006a,A[C>G]G,SBS40
PD4006a,A[C>G]T,SBS3
PD4006a,A[C>T]A,SBS40
PD4006a,A[C>T]C,SBS3
PD4006a,A[C>T]G,SBS1
PD4006a,A[C>T]T,SBS40
PD4006a,A[T>A]A,SBS40
PD4006a,A[T>A]C,SBS3
PD4006a,A[T>A]G,SBS3
PD4006a,A[T>A]T,SBS40
PD4006a,A[T>C]A,SBS40
PD4006a,A[T>C]C,SBS3
PD4006a,A[T>C]G,SBS40
PD4006a,A[T>C]T,SBS40
PD4006a,A[T>G]A,SBS40
PD4006a,A[T>G]C,SBS40
PD4006a,A[T>G]G,SBS40
PD4006a,A[T>G]T,SBS40
PD4006a,C[C>A]A,SBS3
PD4006a,C[C>A]C,SBS3
PD4006a,C[C>A]G,SBS3
PD4006a,C[C>A]T,SBS3
PD4006a,C[C>G]A,SBS3
PD4006a,C[C>G]C,SBS3
PD4006a,C[C>G]G,SBS40
PD4006a,C[C>G]T,SBS3
PD4006a,C[C>T]A,SBS40
PD4006a,C[C>T]C,SBS3
PD4006a,C[C>T]G,SBS1
PD4006a,C[C>T]T,SBS3
PD4006a,C[T>A]A,SBS3
PD4006a,C[T>A]C,SBS3
PD4006a,C[T>A]G,SBS3
PD4006a,C[T>A]T,SBS3
PD4006a,C[T>C]A,SBS40
PD4006a,C[T>C]C,SBS3
PD4006a,C[T>C]G,SBS3
PD4006a,C[T>C]T,SBS3
PD4006a,C[T>G]A,SBS3
PD4006a,C[T>G]C,SBS3
PD4006a,C[T>G]G,SBS3
PD4006a,C[T>G]T,SBS40
PD4006a,G[C>A]A,SBS40
PD4006a,G[C>A]C,SBS3
PD4006a,G[C>A]G,SBS40
PD4006a,G[C>A]T,SBS3
PD4006a,G[C>G]A,SBS3
PD4006a,G[C>G]C,SBS3
PD4006a,G[C>G]G,SBS3
PD4006a,G[C>G]T,SBS3
PD4006a,G[C>T]A,SBS3
PD4006a,G[C>T]C,SBS3
PD4006a,G[C>T]G,SBS1
PD4006a,G[C>T]T,SBS40
PD4006a,G[T>A]A,SBS3
PD4006a,G[T>A]C,SBS3
PD4006a,G[T>A]G,SBS3
PD4006a,G[T>A]T,SBS3
PD4006a,G[T>C]A,SBS3
PD4006a,G[T>C]C,SBS3
PD4006a,G[T>C]G,SBS3
PD4006a,G[T>C]T,SBS3
PD4006a,G[T>G]A,SBS3
PD4006a,G[T>G]C,SBS3
PD4006a,G[T>G]G,SBS3
PD4006a,G[T>G]T,SBS3
PD4006a,T[C>A]A,SBS40
PD4006a,T[C>A]C,SBS40
PD4006a,T[C>A]G,SBS40
PD4006a,T[C>A]T,SBS40
PD4006a,T[C>G]A,SBS3
PD4006a,T[C>G]C,SBS3
PD4006a,T[C>G]G,SBS40
PD4006a,T[C>G]T,SBS3
PD4006a,T[C>T]A,SBS40
PD4006a,T[C>T]C,SBS40
PD4006a,T[C>T]G,SBS1
PD4006a,T[C>T]T,SBS40
PD4006a,T[T>A]A,
PD4006a,T[T>A]C,SBS3
PD4006a,T[T>A]G,SBS3
PD4006a,T[T>A]T,SBS40
PD4006a,T[T>C]A,SBS3
PD4006a,T[T>C]C,SBS3
PD4006a,T[T>C]G,SBS3
PD4006a,T[T>C]T,SBS3
PD4006a,T[T>G]A,SBS40
PD4006a,T[T>G]C,SBS40
PD4006a,T[T>G]G,SBS3
PD4006a,T[T>G]T,SBS40
PD4085a,A[C>A]A,SBS40
PD4085a,A[C>A]C,SBS40
PD4085a,A[C>A]G,SBS40
PD4085a,A[C>A]T,SBS40
PD4085a,A[C>G]A,SBS40
PD4085a,A[C>G]C,SBS40
PD4085a,A[C>G]G,SBS40
PD4085a,A[C>G]T,SBS40
PD4085a,A[C>T]A,SBS40
PD4085a,A[C>T]C,SBS40
PD4085a,A[C>T]G,SBS1
PD4085a,A[C>T]T,SBS40
PD4085a,A[T>A]A,SBS40
PD4085a,A[T>A]C,SBS40
PD4085a,A[T>A]G,SBS40
PD4085a,A[T>A]T,SBS40
PD4085a,A[T>C]A,SBS40
PD4085a,A[T>C]C,SBS40
PD4085a,A[T>C]G,SBS40
PD4085a,A[T>C]T,SBS40
PD4085a,A[T>G]A,SBS40
PD4085a,A[T>G]C,SBS40
PD4085a,A[T>G]G,SBS40
PD4085a,A[T>G]T,SBS40
PD4085a,C[C>A]A,SBS40
PD4085a,C[C>A]C,SBS40
PD4085a,C[C>A]G,SBS40
PD4085a,C[C>A]T,SBS40
PD4085a,C[C>G]A,SBS40
PD4085a,C[C>G]C,SBS40
PD4085a,C[C>G]G,SBS40
PD4085a,C[C>G]T,SBS40
PD4085a,C[C>T]A,SBS40
PD4085a,C[C>T]C,SBS40
PD4085a,C[C>T]G,SBS1
PD4085a,C[C>T]T,SBS40
PD4085a,C[T>A]A,SBS40
PD4085a,C[T>A]C,SBS40
PD4085a,C[T>A]G,SBS40
PD4085a,C[T>A]T,SBS40
PD4085a,C[T>C]A,SBS40
PD4085a,C[T>C]C,SBS40
PD4085a,C[T>C]G,SBS40
PD4085a,C[T>C]T,SBS40
PD4085a,C[T>G]A,SBS40
PD4085a,C[T>G]C,SBS40
PD4085a,C[T>G]G,SBS40
PD4085a,C[T>G]T,SBS40
PD4085a,G[C>A]A,SBS40
PD4085a,G[C>A]C,SBS40
PD4085a,G[C>A]G,SBS40
PD4085a,G[C>A]T,SBS40
PD4085a,G[C>G]A,SBS40
PD4085a,G[C>G]C,SBS40
PD4085a,G[C>G]G,SBS40
PD4085a,G[C>G]T,SBS40
PD4085a,G[C>T]A,SBS40
PD4085a,G[C>T]C,SBS40
PD4085a,G[C>T]G,SBS1
PD4085a,G[C>T]T,SBS40
PD4085a,G[T>A]A,SBS40
PD4085a,G[T>A]C,SBS40
PD4085a,G[T>A]G,SBS40
PD4085a,G[T>A]T,SBS40
PD4085a,G[T>C]A,SBS40
PD4085a,G[T>C]C,SBS40
PD4085a,G[T>C]G,SBS40
PD4085a,G[T>C]T,SBS40
PD4085a,G[T>G]A,SBS40
PD4085a,G[T>G]C,SBS40
PD4085a,G[T>G]G,SBS40
PD4085a,G[T>G]T,SBS40
PD4085a,T[C>A]A,SBS40
PD4085a,T[C>A]C,SBS40
PD4085a,T[C>A]G,SBS40
PD4085a,T[C>A]T,SBS40
PD4085a,T[C>G]A,SBS40
PD4085a,T[C>G]C,SBS40
PD4085a,T[C>G]G,SBS40
PD4085a,T[C>G]T,SBS40
PD4085a,T[C>T]A,SBS40
PD4085a,T[C>T]C,SBS40
PD4085a,T[C>T]G,SBS1
PD4085a,T[C>T]T,SBS40
PD4085a,T[T>A]A,SBS40
PD4085a,T[T>A]C,SBS40
PD4085a,T[T>A]G,SBS40
PD4085a,T[T>A]T,SBS40
PD4085a,T[T>C]A,SBS40
PD4085a,T[T>C]C,SBS40
PD4085a,T[T>C]G,SBS40
PD4085a,T[T>C]T,SBS40
PD4085a,T[T>G]A,SBS40
PD4085a,T[T>G]C,SBS40
PD4085a,T[T>G]G,SBS40
PD4085a,T[T>G]T,SBS40
PD4086a,A[C>A]A,SBS3
PD4086a,A[C>A]C,SBS3
PD4086a,A[C>A]G,
PD4086a,A[C>A]T,SBS3
PD4086a,A[C>G]A,SBS3
PD4086a,A[C>G]C,SBS3
PD4086a,A[C>G]G,SBS5
PD4086a,A[C>G]T,SBS3
PD4086a,A[C>T]A,SBS5
PD4086a,A[C>T]C,SBS5
PD4086a,A[C>T]G,SBS1
PD4086a,A[C>T]T,SBS5
PD4086a,A[T>A]A,SBS5
PD4086a,A[T>A]C,
PD4086a,A[T>A]G,SBS3
PD4086a,A[T>A]T,
PD4086a,A[T>C]A,SBS5
PD4086a,A[T>C]C,SBS5
PD4086a,A[T>C]G,SBS5
PD4086a,A[T>C]T,SBS5
PD4086a,A[T>G]A,SBS3
PD4086a,A[T>G]C,SBS3
PD4086a,A[T>G]G,SBS5
PD4086a,A[T>G]T,SBS5
PD4086a,C[C>A]A,SBS3
PD4086a,C[C>A]C,SBS3
PD4086a,C[C>A]G,SBS5
PD4086a,C[C>A]T,SBS3
PD4086a,C[C>G]A,SBS3
PD4086a,C[C>G]C,SBS3
PD4086a,C[C>G]G,SBS5
PD4086a,C[C>G]T,SBS3
PD4086a,C[C>T]A,SBS5
PD4086a,C[C>T]C,SBS3
PD4086a,C[C>T]G,SBS1
PD4086a,C[C>T]T,
PD4086a,C[T>A]A,SBS3
PD4086a,C[T>A]C,SBS3
PD4086a,C[T>A]G,SBS3
PD4086a,C[T>A]T,SBS3
PD4086a,C[T>C]A,SBS5
PD4086a,C[T>C]C,SBS3
PD4086a,C[T>C]G,SBS5
PD4086a,C[T>C]T,SBS3
PD4086a,C[T>G]A,SBS3
PD4086a,C[T>G]C,SBS3
PD4086a,C[T>G]G,SBS3
PD4086a,C[T>G]T,
PD4086a,G[C>A]A,SBS5
PD4086a,G[C>A]C,SBS3
PD4086a,G[C>A]G,SBS5
PD4086a,G[C>A]T,SBS3
PD4086a,G[C>G]A,SBS3
PD4086a,G[C>G]C,SBS3
PD4086a,G[C>G]G,SBS3
PD4086a,G[C>G]T,SBS3
PD4086a,G[C>T]A,
PD4086a,G[C>T]C,SBS5
PD4086a,G[C>T]G,SBS1
PD4086a,G[C>T]T,SBS5
PD4086a,G[T>A]A,SBS3
PD4086a,G[T>A]C,SBS3
PD4086a,G[T>A]G,SBS3
PD4086a,G[T>A]T,SBS3
PD4086a,G[T>C]A,SBS5
PD4086a,G[T>C]C,SBS5
PD4086a,G[T>C]G,SBS5
PD4086a,G[T>C]T,SBS5
PD4086a,G[T>G]A,SBS3
PD4086a,G[T>G]C,SBS3
PD4086a,G[T>G]G,SBS3
PD4086a,G[T>G]T,SBS3
PD4086a,T[C>A]A,SBS13
PD4086a,T[C>A]C,
PD4086a,T[C>A]G,SBS13
PD4086a,T[C>A]T,
PD4086a,T[C>G]A,SBS13
PD4086a,T[C>G]C,SBS13
PD4086a,T[C>G]G,SBS13
PD4086a,T[C>G]T,SBS13
PD4086a,T[C>T]A,SBS2
PD4086a,T[C>T]C,
PD4086a,T[C>T]G,
PD4086a,T[C>T]T,SBS2
PD4086a,T[T>A]A,
PD4086a,T[T>A]C,SBS3
PD4086a,T[T>A]G,SBS3
PD4086a,T[T>A]T,SBS3
PD4086a,T[T>C]A,SBS5
PD4086a,T[T>C]C,
PD4086a,T[T>C]G,SBS5
PD4086a,T[T>C]T,SBS5
PD4086a,T[T>G]A,SBS3
PD4086a,T[T>G]C,SBS3
PD4086a,T[T>G]G,SBS3
PD4086a,T[T>G]T,SBS5
PD4088a,A[C>A]A,SBS40
PD4088a,A[C>A]C,SBS40
PD4088a,A[C>A]G,SBS40
PD4088a,A[C>A]T,SBS40
PD4088a,A[C>G]A,SBS40
PD4088a,A[C>G]C,SBS40
PD4088a,A[C>G]G,SBS40
PD4088a,A[C>G]T,SBS40
PD4088a,A[C>T]A,SBS40
PD4088a,A[C>T]C,SBS40
PD4088a,A[C>T]G,SBS1
PD4088a,A[C>T]T,SBS40
PD4088a,A[T>A]A,SBS40
PD4088a,A[T>A]C,SBS40
PD4088a,A[T>A]G,SBS40
PD4088a,A[T>A]T,SBS40
PD4088a,A[T>C]A,SBS40
PD4088a,A[T>C]C,SBS40
PD4088a,A[T>C]G,SBS40
PD4088a,A[T>C]T,SBS40
PD4088a,A[T>G]A,SBS40
PD4088a,A[T>G]C,SBS40
PD4088a,A[T>G]G,SBS40
PD4088a,A[T>G]T,SBS40
PD4088a,C[C>A]A,SBS40
PD4088a,C[C>A]C,SBS40
PD4088a,C[C>A]G,SBS40
PD4088a,C[C>A]T,SBS40
PD4088a,C[C>G]A,SBS40
PD4088a,C[C>G]C,SBS40
PD4088a,C[C>G]G,SBS40
PD4088a,C[C>G]T,SBS40
PD4088a,C[C>T]A,SBS40
PD4088a,C[C>T]C,SBS40
PD4088a,C[C>T]G,SBS1
PD4088a,C[C>T]T,SBS40
PD4088a,C[T>A]A,SBS40
PD4088a,C[T>A]C,SBS40
PD4088a,C[T>A]G,SBS40
PD4088a,C[T>A]T,SBS40
PD4088a,C[T>C]A,SBS40
PD4088a,C[T>C]C,SBS40
PD4088a,C[T>C]G,SBS40
PD4088a,C[T>C]T,SBS40
PD4088a,C[T>G]A,SBS40
PD4088a,C[T>G]C,SBS40
PD4088a,C[T>G]G,SBS40
PD4088a,C[T>G]T,SBS40
PD4088a,G[C>A]A,SBS40
PD4088a,G[C>A]C,SBS40
PD4088a,G[C>A]G,SBS40
PD4088a,G[C>A]T,SBS40
PD4088a,G[C>G]A,SBS40
PD4088a,G[C>G]C,SBS40
PD4088a,G[C>G]G,SBS40
PD4088a,G[C>G]T,SBS40
PD4088a,G[C>T]A,SBS40
PD4088a,G[C>T]C,SBS40
PD4088a,G[C>T]G,SBS1
PD4088a,G[C>T]T,SBS40
PD4088a,G[T>A]A,SBS40
PD4088a,G[T>A]C,SBS40
PD4088a,G[T>A]G,SBS40
PD4088a,G[T>A]T,SBS40
PD4088a,G[T>C]A,SBS40
PD4088a,G[T>C]C,SBS40
PD4088a,G[T>C]G,SBS40
PD4088a,G[T>C]T,SBS40
PD4088a,G[T>G]A,SBS40
PD4088a,G[T>G]C,SBS40
PD4088a,G[T>G]G,SBS40
PD4088a,G[T>G]T,SBS40
PD4088a,T[C>A]A,SBS40
PD4088a,T[C>A]C,SBS40
PD4088a,T[C>A]G,SBS40
PD4088a,T[C>A]T,SBS40
PD4088a,T[C>G]A,SBS40
PD4088a,T[C>G]C,SBS40
PD4088a,T[C>G]G,SBS40
PD4088a,T[C>G]T,SBS40
PD4088a,T[C>T]A,SBS40
PD4088a,T[C>T]C,SBS40
PD4088a,T[C>T]G,SBS1
PD4088a,T[C>T]T,SBS40
PD4088a,T[T>A]A,SBS40
PD4088a,T[T>A]C,SBS40
PD4088a,T[T>A]G,SBS40
PD4088a,T[T>A]T,SBS40
PD4088a,T[T>C]A,SBS40
PD4088a,T[T>C]C,SBS40
PD4088a,T[T>C]G,SBS40
PD4088a,T[T>C]T,SBS40
PD4088a,T[T>G]A,SBS40
PD4088a,T[T>G]C,SBS40
PD4088a,T[T>G]G,SBS40
PD4088a,T[T>G]T,SBS40
PD4103a,A[C>A]A,SBS40
PD4103a,A[C>A]C,SBS40
PD4103a,A[C>A]G,SBS40
PD4103a,A[C>A]T,SBS40
PD4103a,A[C>G]A,SBS40
PD4103a,A[C>G]C,SBS40
PD4103a,A[C>G]G,SBS40
PD4103a,A[C>G]T,SBS40
PD4103a,A[C>T]A,SBS40
PD4103a,A[C>T]C,SBS40
PD4103a,A[C>T]G,SBS1
PD4103a,A[C>T]T,SBS40
PD4103a,A[T>A]A,SBS40
PD4103a,A[T>A]C,SBS40
PD4103a,A[T>A]G,SBS40
PD4103a,A[T>A]T,SBS40
PD4103a,A[T>C]A,SBS40
PD4103a,A[T>C]C,SBS40
PD4103a,A[T>C]G,SBS40
PD4103a,A[T>C]T,SBS40
PD4103a,A[T>G]A,SBS40
PD4103a,A[T>G]C,SBS40
PD4103a,A[T>G]G,SBS40
PD4103a,A[T>G]T,SBS40
PD4103a,C[C>A]A,SBS40
PD4103a,C[C>A]C,SBS40
PD4103a,C[C>A]G,SBS40
PD4103a,C[C>A]T,SBS40
PD4103a,C[C>G]A,SBS40
PD4103a,C[C>G]C,SBS40
PD4103a,C[C>G]G,SBS40
PD4103a,C[C>G]T,SBS40
PD4103a,C[C>T]A,SBS40
PD4103a,C[C>T]C,SBS40
PD4103a,C[C>T]G,SBS1
PD4103a,C[C>T]T,SBS40
PD4103a,C[T>A]A,SBS40
PD4103a,C[T>A]C,SBS40
PD4103a,C[T>A]G,SBS40
PD4103a,C[T>A]T,SBS40
PD4103a,C[T>C]A,SBS40
PD4103a,C[T>C]C,SBS40
PD4103a,C[T>C]G,SBS40
PD4103a,C[T>C]T,SBS40
PD4103a,C[T>G]A,SBS40
PD4103a,C[T>G]C,SBS40
PD4103a,C[T>G]G,SBS40
PD4103a,C[T>G]T,SBS40
PD4103a,G[C>A]A,SBS40
PD4103a,G[C>A]C,SBS40
PD4103a,G[C>A]G,SBS40
PD4103a,G[C>A]T,SBS40
PD4103a,G[C>G]A,SBS40
PD4103a,G[C>G]C,SBS40
PD4103a,G[C>G]G,SBS40
PD4103a,G[C>G]T,SBS40
PD4103a,G[C>T]A,SBS40
PD4103a,G[C>T]C,SBS40
PD4103a,G[C>T]G,SBS1
PD4103a,G[C>T]T,SBS40
PD4103a,G[T>A]A,SBS40
PD4103a,G[T>A]C,SBS40
PD4103a,G[T>A]G,SBS40
PD4103a,G[T>A]T,SBS40
PD4103a,G[T>C]A,SBS40
PD4103a,G[T>C]C,SBS40
PD4103a,G[T>C]G,SBS40
PD4103a,G[T>C]T,SBS40
PD4103a,G[T>G]A,SBS40
PD4103a,G[T>G]C,SBS40
PD4103a,G[T>G]G,SBS40
PD4103a,G[T>G]T,SBS40
PD4103a,T[C>A]A,SBS40
PD4103a,T[C>A]C,SBS40
PD4103a,T[C>A]G,SBS40
PD4103a,T[C>A]T,SBS40
PD4103a,T[C>G]A,SBS13
PD4103a,T[C>G]C,SBS40
PD4103a,T[C>G]G,
PD4103a,T[C>G]T,SBS13
PD4103a,T[C>T]A,SBS2
PD4103a,T[C>T]C,SBS40
PD4103a,T[C>T]G,SBS1
PD4103a,T[C>T]T,SBS2
PD4103a,T[T>A]A,SBS40
PD4103a,T[T>A]C,SBS40
PD4103a,T[T>A]G,SBS40
PD4103a,T[T>A]T,SBS40
PD4103a,T[T>C]A,SBS40
PD4103a,T[T>C]C,SBS40
PD4103a,T[T>C]G,SBS40
PD4103a,T[T>C]T,SBS40
PD4103a,T[T>G]A,SBS40
PD4103a,T[T>G]C,SBS40
PD4103a,T[T>G]G,SBS40
PD4103a,T[T>G]T,SBS40
PD4107a,A[C>A]A,SBS40
PD4107a,A[C>A]C,SBS40
PD4107a,A[C>A]G,SBS40
PD4107a,A[C>A]T,SBS40
PD4107a,A[C>G]A,SBS40
PD4107a,A[C>G]C,SBS40
PD4107a,A[C>G]G,SBS40
PD4107a,A[C>G]T,SBS40
PD4107a,A[C>T]A,SBS40
PD4107a,A[C>T]C,SBS40
PD4107a,A[C>T]G,SBS1
PD4107a,A[C>T]T,SBS40
PD4107a,A[T>A]A,SBS40
PD4107a,A[T>A]C,SBS40
PD4107a,A[T>A]G,SBS40
PD4107a,A[T>A]T,SBS40
PD4107a,A[T>C]A,SBS40
PD4107a,A[T>C]C,SBS40
PD4107a,A[T>C]G,SBS40
PD4107a,A[T>C]T,SBS40
PD4107a,A[T>G]A,SBS40
PD4107a,A[T>G]C,SBS40
PD4107a,A[T>G]G,SBS40
PD4107a,A[T>G]T,SBS40
PD4107a,C[C>A]A,SBS40
PD4107a,C[C>A]C,SBS40
PD4107a,C[C>A]G,SBS40
PD4107a,C[C>A]T,SBS40
PD4107a,C[C>G]A,SBS40
PD4107a,C[C>G]C,SBS40
PD4107a,C[C>G]G,SBS40
PD4107a,C[C>G]T,SBS40
PD4107a,C[C>T]A,SBS40
PD4107a,C[C>T]C,SBS40
PD4107a,C[C>T]G,SBS1
PD4107a,C[C>T]T,SBS40
PD4107a,C[T>A]A,SBS40
PD4107a,C[T>A]C,SBS40
PD4107a,C[T>A]G,SBS40
PD4107a,C[T>A]T,SBS40
PD4107a,C[T>C]A,SBS40
PD4107a,C[T>C]C,SBS40
PD4107a,C[T>C]G,SBS40
PD4107a,C[T>C]T,SBS40
PD4107a,C[T>G]A,SBS40
PD4107a,C[T>G]C,SBS40
PD4107a,C[T>G]G,SBS40
PD4107a,C[T>G]T,SBS40
PD4107a,G[C>A]A,SBS40
PD4107a,G[C>A]C,SBS40
PD4107a,G[C>A]G,SBS40
PD4107a,G[C>A]T,SBS40
PD4107a,G[C>G]A,SBS40
PD4107a,G[C>G]C,SBS40
PD4107a,G[C>G]G,SBS40
PD4107a,G[C>G]T,SBS40
PD4107a,G[C>T]A,SBS40
PD4107a,G[C>T]C,SBS40
PD4107a,G[C>T]G,SBS1
PD4107a,G[C>T]T,SBS40
PD4107a,G[T>A]A,SBS40
PD4107a,G[T>A]C,SBS40
PD4107a,G[T>A]G,SBS40
PD4107a,G[T>A]T,SBS40
PD4107a,G[T>C]A,SBS40
PD4107a,G[T>C]C,SBS40
PD4107a,G[T>C]G,SBS40
PD4107a,G[T>C]T,SBS40
PD4107a,G[T>G]A,SBS40
PD4107a,G[T>G]C,SBS40
PD4107a,G[T>G]G,SBS40
PD4107a,G[T>G]T,SBS40
PD4107a,T[C>A]A,SBS40
PD4107a,T[C>A]C,SBS40
PD4107a,T[C>A]G,SBS40
PD4107a,T[C>A]T,SBS40
PD4107a,T[C>G]A,SBS40
PD4107a,T[C>G]C,SBS40
PD4107a,T[C>G]G,SBS40
PD4107a,T[C>G]T,SBS40
PD4107a,T[C>T]A,SBS40
PD4107a,T[C>T]C,SBS40
PD4107a,T[C>T]G,SBS1
PD4107a,T[C>T]T,SBS40
PD4107a,T[T>A]A,SBS40
PD4107a,T[T>A]C,SBS40
PD4107a,T[T>A]G,SBS40
PD4107a,T[T>A]T,SBS40
PD4107a,T[T>C]A,SBS40
PD4107a,T[T>C]C,SBS40
PD4107a,T[T>C]G,SBS40
PD4107a,T[T>C]T,SBS40
PD4107a,T[T>G]A,SBS40
PD4107a,T[T>G]C,SBS40
PD4107a,T[T>G]G,SBS40
PD4107a,T[T>G]T,SBS40
PD4109a,A[C>A]A,SBS40
PD4109a,A[C>A]C,SBS40
PD4109a,A[C>A]G,SBS40
PD4109a,A[C>A]T,SBS40
PD4109a,A[C>G]A,SBS40
PD4109a,A[C>G]C,SBS40
PD4109a,A[C>G]G,SBS40
PD4109a,A[C>G]T,SBS40
PD4109a,A[C>T]A,SBS40
PD4109a,A[C>T]C,SBS40
PD4109a,A[C>T]G,SBS1
PD4109a,A[C>T]T,SBS40
PD4109a,A[T>A]A,SBS40
PD4109a,A[T>A]C,SBS40
PD4109a,A[T>A]G,SBS40
PD4109a,A[T>A]T,SBS40
PD4109a,A[T>C]A,SBS40
PD4109a,A[T>C]C,SBS40
PD4109a,A[T>C]G,SBS40
PD4109a,A[T>C]T,SBS40
PD4109a,A[T>G]A,SBS40
PD4109a,A[T>G]C,SBS40
PD4109a,A[T>G]G,SBS40
PD4109a,A[T>G]T,SBS40
PD4109a,C[C>A]A,SBS40
PD4109a,C[C>A]C,SBS40
PD4109a,C[C>A]G,SBS40
PD4109a,C[C>A]T,SBS40
PD4109a,C[C>G]A,SBS40
PD4109a,C[C>G]C,SBS40
PD4109a,C[C>G]G,SBS40
PD4109a,C[C>G]T,SBS40
PD4109a,C[C>T]A,SBS40
PD4109a,C[C>T]C,SBS40
PD4109a,C[C>T]G,SBS1
PD4109a,C[C>T]T,SBS40
PD4109a,C[T>A]A,SBS5
PD4109a,C[T>A]C,SBS40
PD4109a,C[T>A]G,SBS40
PD4109a,C[T>A]T,SBS40
PD4109a,C[T>C]A,SBS40
PD4109a,C[T>C]C,SBS40
PD4109a,C[T>C]G,SBS40
PD4109a,C[T>C]T,SBS40
PD4109a,C[T>G]A,SBS40
PD4109a,C[T>G]C,SBS40
PD4109a,C[T>G]G,SBS40
PD4109a,C[T>G]T,SBS40
PD4109a,G[C>A]A,SBS40
PD4109a,G[C>A]C,SBS40
PD4109a,G[C>A]G,SBS40
PD4109a,G[C>A]T,SBS40
PD4109a,G[C>G]A,SBS40
PD4109a,G[C>G]C,SBS40
PD4109a,G[C>G]G,SBS40
PD4109a,G[C>G]T,SBS40
PD4109a,G[C>T]A,SBS40
PD4109a,G[C>T]C,SBS40
PD4109a,G[C>T]G,SBS1
PD4109a,G[C>T]T,SBS40
PD4109a,G[T>A]A,SBS40
PD4109a,G[T>A]C,SBS40
PD4109a,G[T>A]G,SBS40
PD4109a,G[T>A]T,SBS40
PD4109a,G[T>C]A,SBS40
PD4109a,G[T>C]C,SBS40
PD4109a,G[T>C]G,SBS40
PD4109a,G[T>C]T,SBS40
PD4109a,G[T>G]A,SBS40
PD4109a,G[T>G]C,SBS40
PD4109a,G[T>G]G,SBS40
PD4109a,G[T>G]T,SBS40
PD4109a,T[C>A]A,SBS40
PD4109a,T[C>A]C,SBS40
PD4109a,T[C>A]G,
PD4109a,T[C>A]T,SBS40
PD4109a,T[C>G]A,SBS13
PD4109a,T[C>G]C,
PD4109a,T[C>G]G,SBS13
PD4109a,T[C>G]T,SBS13
PD4109a,T[C>T]A,SBS2
PD4109a,T[C>T]C,SBS40
PD4109a,T[C>T]G,SBS1
PD4109a,T[C>T]T,
PD4109a,T[T>A]A,SBS40
PD4109a,T[T>A]C,SBS40
PD4109a,T[T>A]G,SBS40
PD4109a,T[T>A]T,SBS40
PD4109a,T[T>C]A,SBS40
PD4109a,T[T>C]C,SBS40
PD4109a,T[T>C]G,SBS40
PD4109a,T[T>C]T,SBS40
PD4109a,T[T>G]A,SBS40
PD4109a,T[T>G]C,SBS40
PD4109a,T[T>G]G,SBS40
PD4109a,T[T>G]T,SBS40
PD4115a,A[C>A]A,SBS40
PD4115a,A[C>A]C,SBS40
PD4115a,A[C>A]G,SBS40
PD4115a,A[C>A]T,SBS40
PD4115a,A[C>G]A,SBS3
PD4115a,A[C>G]C,SBS40
PD4115a,A[C>G]G,SBS40
PD4115a,A[C>G]T,SBS40
PD4115a,A[C>T]A,SBS40
PD4115a,A[C>T]C,SBS40
PD4115a,A[C>T]G,SBS1
PD4115a,A[C>T]T,SBS40
PD4115a,A[T>A]A,SBS40
PD4115a,A[T>A]C,SBS3
PD4115a,A[T>A]G,SBS40
PD4115a,A[T>A]T,SBS40
PD4115a,A[T>C]A,SBS40
PD4115a,A[T>C]C,SBS40
PD4115a,A[T>C]G,SBS40
PD4115a,A[T>C]T,SBS40
PD4115a,A[T>G]A,SBS40
PD4115a,A[T>G]C,SBS40
PD4115a,A[T>G]G,SBS40
PD4115a,A[T>G]T,SBS40
PD4115a,C[C>A]A,SBS40
PD4115a,C[C>A]C,SBS3
PD4115a,C[C>A]G,SBS40
PD4115a,C[C>A]T,SBS40
PD4115a,C[C>G]A,SBS3
PD4115a,C[C>G]C,
PD4115a,C[C>G]G,SBS40
PD4115a,C[C>G]T,SBS3
PD4115a,C[C>T]A,SBS40
PD4115a,C[C>T]C,SBS40
PD4115a,C[C>T]G,SBS1
PD4115a,C[C>T]T,SBS40
PD4115a,C[T>A]A,SBS3
PD4115a,C[T>A]C,SBS3
PD4115a,C[T>A]G,SBS3
PD4115a,C[T>A]T,SBS40
PD4115a,C[T>C]A,SBS40
PD4115a,C[T>C]C,
PD4115a,C[T>C]G,SBS40
PD4115a,C[T>C]T,SBS40
PD4115a,C[T>G]A,SBS40
PD4115a,C[T>G]C,SBS40
PD4115a,C[T>G]G,SBS3
PD4115a,C[T>G]T,SBS40
PD4115a,G[C>A]A,SBS40
PD4115a,G[C>A]C,SBS40
PD4115a,G[C>A]G,SBS40
PD4115a,G[C>A]T,SBS40
PD4115a,G[C>G]A,SBS3
PD4115a,G[C>G]C,SBS3
PD4115a,G[C>G]G,SBS3
PD4115a,G[C>G]T,SBS3
PD4115a,G[C>T]A,SBS40
PD4115a,G[C>T]C,SBS40
PD4115a,G[C>T]G,SBS1
PD4115a,G[C>T]T,SBS40
PD4115a,G[T>A]A,SBS3
PD4115a,G[T>A]C,SBS3
PD4115a,G[T>A]G,SBS3
PD4115a,G[T>A]T,SBS3
PD4115a,G[T>C]A,SBS3
PD4115a,G[T>C]C,SBS40
PD4115a,G[T>C]G,SBS3
PD4115a,G[T>C]T,SBS40
PD4115a,G[T>G]A,SBS3
PD4115a,G[T>G]C,SBS40
PD4115a,G[T>G]G,SBS3
PD4115a,G[T>G]T,SBS40
PD4115a,T[C>A]A,SBS40
PD4115a,T[C>A]C,SBS40
PD4115a,T[C>A]G,SBS40
PD4115a,T[C>A]T,SBS40
PD4115a,T[C>G]A,SBS40
PD4115a,T[C>G]C,SBS40
PD4115a,T[C>G]G,SBS40
PD4115a,T[C>G]T,SBS40
PD4115a,T[C>T]A,SBS40
PD4115a,T[C>T]C,SBS40
PD4115a,T[C>T]G,SBS1
PD4115a,T[C>T]T,SBS40
PD4115a,T[T>A]A,SBS40
PD4115a,T[T>A]C,SBS40
PD4115a,T[T>A]G,SBS40
PD4115a,T[T>A]T,SBS40
PD4115a,T[T>C]A,
PD4115a,T[T>C]C,SBS40
PD4115a,T[T>C]G,SBS40
PD4115a,T[T>C]T,SBS40
PD4115a,T[T>G]A,SBS40
PD4115a,T[T>G]C,SBS40
PD4115a,T[T>G]G,SBS40
PD4115a,T[T>G]T,SBS40
PD4116a,A[C>A]A,
PD4116a,A[C>A]C,SBS8
PD4116a,A[C>A]G,
PD4116a,A[C>A]T,SBS8
PD4116a,A[C>G]A,SBS3
PD4116a,A[C>G]C,SBS3
PD4116a,A[C>G]G,SBS5
PD4116a,A[C>G]T,SBS3
PD4116a,A[C>T]A,
PD4116a,A[C>T]C,SBS3
PD4116a,A[C>T]G,SBS1
PD4116a,A[C>T]T,
PD4116a,A[T>A]A,SBS8
PD4116a,A[T>A]C,
PD4116a,A[T>A]G,
PD4116a,A[T>A]T,SBS8
PD4116a,A[T>C]A,
PD4116a,A[T>C]C,
PD4116a,A[T>C]G,SBS5
PD4116a,A[T>C]T,
PD4116a,A[T>G]A,SBS3
PD4116a,A[T>G]C,SBS3
PD4116a,A[T>G]G,SBS3
PD4116a,A[T>G]T,SBS3
PD4116a,C[C>A]A,SBS3
PD4116a,C[C>A]C,SBS3
PD4116a,C[C>A]G,
PD4116a,C[C>A]T,
PD4116a,C[C>G]A,SBS3
PD4116a,C[C>G]C,SBS3
PD4116a,C[C>G]G,SBS3
PD4116a,C[C>G]T,SBS3
PD4116a,C[C>T]A,SBS3
PD4116a,C[C>T]C,SBS3
PD4116a,C[C>T]G,
PD4116a,C[C>T]T,SBS3
PD4116a,C[T>A]A,
PD4116a,C[T>A]C,SBS3
PD4116a,C[T>A]G,
PD4116a,C[T>A]T,SBS8
PD4116a,C[T>C]A,SBS3
PD4116a,C[T>C]C,SBS3
PD4116a,C[T>C]G,SBS3
PD4116a,C[T>C]T,SBS3
PD4116a,C[T>G]A,SBS3
PD4116a,C[T>G]C,SBS3
PD4116a,C[T>G]G,SBS3
PD4116a,C[T>G]T,SBS3
PD4116a,G[C>A]A,
PD4116a,G[C>A]C,
PD4116a,G[C>A]G,
PD4116a,G[C>A]T,
PD4116a,G[C>G]A,SBS3
PD4116a,G[C>G]C,SBS3
PD4116a,G[C>G]G,SBS3
PD4116a,G[C>G]T,SBS3
PD4116a,G[C>T]A,SBS3
PD4116a,G[C>T]C,SBS3
PD4116a,G[C>T]G,SBS1
PD4116a,G[C>T]T,SBS3
PD4116a,G[T>A]A,
PD4116a,G[T>A]C,SBS3
PD4116a,G[T>A]G,SBS3
PD4116a,G[T>A]T,
PD4116a,G[T>C]A,SBS3
PD4116a,G[T>C]C,SBS3
PD4116a,G[T>C]G,SBS3
PD4116a,G[T>C]T,SBS3
PD4116a,G[T>G]A,SBS3
PD4116a,G[T>G]C,SBS3
PD4116a,G[T>G]G,SBS3
PD4116a,G[T>G]T,SBS3
PD4116a,T[C>A]A,
PD4116a,T[C>A]C,
PD4116a,T[C>A]G,
PD4116a,T[C>A]T,
PD4116a,T[C>G]A,SBS13
PD4116a,T[C>G]C,SBS3
PD4116a,T[C>G]G,SBS13
PD4116a,T[C>G]T,SBS13
PD4116a,T[C>T]A,SBS2
PD4116a,T[C>T]C,
PD4116a,T[C>T]G,
PD4116a,T[C>T]T,SBS2
PD4116a,T[T>A]A,
PD4116a,T[T>A]C,SBS3
PD4116a,T[T>A]G,
PD4116a,T[T>A]T,
PD4116a,T[T>C]A,SBS3
PD4116a,T[T>C]C,SBS3
PD4116a,T[T>C]G,SBS3
PD4116a,T[T>C]T,SBS3
PD4116a,T[T>G]A,SBS3
PD4116a,T[T>G]C,SBS3
PD4116a,T[T>G]G,SBS3
PD4116a,T[T>G]T,SBS3
PD4120a,A[C>A]A,SBS13
PD4120a,A[C>A]C,SBS5
PD4120a,A[C>A]G,SBS13
PD4120a,A[C>A]T,SBS5
PD4120a,A[C>G]A,SBS13
PD4120a,A[C>G]C,SBS13
PD4120a,A[C>G]G,SBS13
PD4120a,A[C>G]T,SBS13
PD4120a,A[C>T]A,SBS13
PD4120a,A[C>T]C,SBS5
PD4120a,A[C>T]G,SBS1
PD4120a,A[C>T]T,
PD4120a,A[T>A]A,SBS5
PD4120a,A[T>A]C,SBS2
PD4120a,A[T>A]G,SBS5
PD4120a,A[T>A]T,SBS5
PD4120a,A[T>C]A,SBS5
PD4120a,A[T>C]C,SBS5
PD4120a,A[T>C]G,SBS5
PD4120a,A[T>C]T,SBS5
PD4120a,A[T>G]A,SBS5
PD4120a,A[T>G]C,SBS5
PD4120a,A[T>G]G,SBS5
PD4120a,A[T>G]T,SBS5
PD4120a,C[C>A]A,SBS13
PD4120a,C[C>A]C,SBS13
PD4120a,C[C>A]G,SBS5
PD4120a,C[C>A]T,SBS5
PD4120a,C[C>G]A,SBS13
PD4120a,C[C>G]C,
PD4120a,C[C>G]G,SBS13
PD4120a,C[C>G]T,SBS13
PD4120a,C[C>T]A,SBS2
PD4120a,C[C>T]C,SBS5
PD4120a,C[C>T]G,
PD4120a,C[C>T]T,
PD4120a,C[T>A]A,
PD4120a,C[T>A]C,
PD4120a,C[T>A]G,SBS5
PD4120a,C[T>A]T,SBS13
PD4120a,C[T>C]A,SBS5
PD4120a,C[T>C]C,SBS5
PD4120a,C[T>C]G,SBS5
PD4120a,C[T>C]T,SBS5
PD4120a,C[T>G]A,SBS5
PD4120a,C[T>G]C,SBS5
PD4120a,C[T>G]G,SBS5
PD4120a,C[T>G]T,SBS5
PD4120a,G[C>A]A,
PD4120a,G[C>A]C,SBS5
PD4120a,G[C>A]G,SBS5
PD4120a,G[C>A]T,SBS5
PD4120a,G[C>G]A,SBS13
PD4120a,G[C>G]C,
PD4120a,G[C>G]G,SBS13
PD4120a,G[C>G]T,SBS13
PD4120a,G[C>T]A,SBS13
PD4120a,G[C>T]C,SBS5
PD4120a,G[C>T]G,SBS1
PD4120a,G[C>T]T,SBS5
PD4120a,G[T>A]A,SBS5
PD4120a,G[T>A]C,SBS5
PD4120a,G[T>A]G,SBS5
PD4120a,G[T>A]T,
PD4120a,G[T>C]A,SBS5
PD4120a,G[T>C]C,SBS5
PD4120a,G[T>C]G,SBS5
PD4120a,G[T>C]T,SBS5
PD4120a,G[T>G]A,
PD4120a,G[T>G]C,SBS5
PD4120a,G[T>G]G,SBS5
PD4120a,G[T>G]T,SBS5
PD4120a,T[C>A]A,SBS13
PD4120a,T[C>A]C,SBS13
PD4120a,T[C>A]G,SBS13
PD4120a,T[C>A]T,SBS13
PD4120a,T[C>G]A,SBS13
PD4120a,T[C>G]C,SBS13
PD4120a,T[C>G]G,SBS13
PD4120a,T[C>G]T,SBS13
PD4120a,T[C>T]A,SBS2
PD4120a,T[C>T]C,SBS2
PD4120a,T[C>T]G,SBS2
PD4120a,T[C>T]T,SBS2
PD4120a,T[T>A]A,
PD4120a,T[T>A]C,SBS5
PD4120a,T[T>A]G,SBS5
PD4120a,T[T>A]T,SBS5
PD4120a,T[T>C]A,SBS5
PD4120a,T[T>C]C,SBS5
PD4120a,T[T>C]G,SBS5
PD4120a,T[T>C]T,SBS5
PD4120a,T[T>G]A,SBS5
PD4120a,T[T>G]C,SBS5
PD4120a,T[T>G]G,SBS5
PD4120a,T[T>G]T,SBS5
PD4192a,A[C>A]A,SBS3
PD4192a,A[C>A]C,SBS3
PD4192a,A[C>A]G,SBS3
PD4192a,A[C>A]T,SBS3
PD4192a,A[C>G]A,SBS3
PD4192a,A[C>G]C,SBS3
PD4192a,A[C>G]G,SBS5
PD4192a,A[C>G]T,SBS3
PD4192a,A[C>T]A,
PD4192a,A[C>T]C,SBS3
PD4192a,A[C>T]G,SBS1
PD4192a,A[C>T]T,SBS3
PD4192a,A[T>A]A,SBS3
PD4192a,A[T>A]C,SBS3
PD4192a,A[T>A]G,SBS3
PD4192a,A[T>A]T,SBS3
PD4192a,A[T>C]A,SBS5
PD4192a,A[T>C]C,SBS3
PD4192a,A[T>C]G,SBS5
PD4192a,A[T>C]T,SBS3
PD4192a,A[T>G]A,SBS3
PD4192a,A[T>G]C,SBS3
PD4192a,A[T>G]G,SBS3
PD4192a,A[T>G]T,SBS3
PD4192a,C[C>A]A,SBS3
PD4192a,C[C>A]C,SBS3
PD4192a,C[C>A]G,SBS3
PD4192a,C[C>A]T,SBS3
PD4192a,C[C>G]A,SBS3
PD4192a,C[C>G]C,SBS3
PD4192a,C[C>G]G,SBS3
PD4192a,C[C>G]T,SBS3
PD4192a,C[C>T]A,SBS3
PD4192a,C[C>T]C,SBS3
PD4192a,C[C>T]G,SBS1
PD4192a,C[C>T]T,SBS3
PD4192a,C[T>A]A,SBS3
PD4192a,C[T>A]C,SBS3
PD4192a,C[T>A]G,SBS3
PD4192a,C[T>A]T,SBS3
PD4192a,C[T>C]A,SBS3
PD4192a,C[T>C]C,SBS3
PD4192a,C[T>C]G,SBS3
PD4192a,C[T>C]T,SBS3
PD4192a,C[T>G]A,SBS3
PD4192a,C[T>G]C,SBS3
PD4192a,C[T>G]G,SBS3
PD4192a,C[T>G]T,SBS3
PD4192a,G[C>A]A,SBS3
PD4192a,G[C>A]C,SBS3
PD4192a,G[C>A]G,SBS3
PD4192a,G[C>A]T,SBS3
PD4192a,G[C>G]A,SBS3
PD4192a,G[C>G]C,SBS3
PD4192a,G[C>G]G,SBS3
PD4192a,G[C>G]T,SBS3
PD4192a,G[C>T]A,SBS3
PD4192a,G[C>T]C,SBS3
PD4192a,G[C>T]G,SBS1
PD4192a,G[C>T]T,SBS3
PD4192a,G[T>A]A,SBS3
PD4192a,G[T>A]C,SBS3
PD4192a,G[T>A]G,SBS3
PD4192a,G[T>A]T,SBS3
PD4192a,G[T>C]A,SBS3
PD4192a,G[T>C]C,SBS3
PD4192a,G[T>C]G,SBS3
PD4192a,G[T>C]T,SBS3
PD4192a,G[T>G]A,SBS3
PD4192a,G[T>G]C,SBS3
PD4192a,G[T>G]G,SBS3
PD4192a,G[T>G]T,SBS3
PD4192a,T[C>A]A,SBS13
PD4192a,T[C>A]C,SBS3
PD4192a,T[C>A]G,SBS13
PD4192a,T[C>A]T,
PD4192a,T[C>G]A,SBS13
PD4192a,T[C>G]C,SBS3
PD4192a,T[C>G]G,SBS13
PD4192a,T[C>G]T,SBS13
PD4192a,T[C>T]A,SBS2
PD4192a,T[C>T]C,
PD4192a,T[C>T]G,SBS1
PD4192a,T[C>T]T,SBS2
PD4192a,T[T>A]A,SBS3
PD4192a,T[T>A]C,SBS3
PD4192a,T[T>A]G,SBS3
PD4192a,T[T>A]T,SBS3
PD4192a,T[T>C]A,SBS3
PD4192a,T[T>C]C,SBS3
PD4192a,T[T>C]G,SBS3
PD4192a,T[T>C]T,SBS3
PD4192a,T[T>G]A,SBS3
PD4192a,T[T>G]C,SBS3
PD4192a,T[T>G]G,SBS3
PD4192a,T[T>G]T,SBS3
PD4194a,A[C>A]A,SBS40
PD4194a,A[C>A]C,SBS40
PD4194a,A[C>A]G,SBS40
PD4194a,A[C>A]T,SBS40
PD4194a,A[C>G]A,SBS40
PD4194a,A[C>G]C,SBS40
PD4194a,A[C>G]G,SBS40
PD4194a,A[C>G]T,SBS40
PD4194a,A[C>T]A,
PD4194a,A[C>T]C,
PD4194a,A[C>T]G,SBS1
PD4194a,A[C>T]T,
PD4194a,A[T>A]A,SBS40
PD4194a,A[T>A]C,
PD4194a,A[T>A]G,SBS40
PD4194a,A[T>A]T,SBS40
PD4194a,A[T>C]A,SBS5
PD4194a,A[T>C]C,
PD4194a,A[T>C]G,SBS5
PD4194a,A[T>C]T,SBS5
PD4194a,A[T>G]A,SBS40
PD4194a,A[T>G]C,SBS40
PD4194a,A[T>G]G,SBS40
PD4194a,A[T>G]T,SBS40
PD4194a,C[C>A]A,SBS40
PD4194a,C[C>A]C,SBS40
PD4194a,C[C>A]G,SBS40
PD4194a,C[C>A]T,SBS40
PD4194a,C[C>G]A,SBS40
PD4194a,C[C>G]C,SBS40
PD4194a,C[C>G]G,
PD4194a,C[C>G]T,SBS40
PD4194a,C[C>T]A,SBS40
PD4194a,C[C>T]C,SBS40
PD4194a,C[C>T]G,SBS1
PD4194a,C[C>T]T,SBS40
PD4194a,C[T>A]A,SBS5
PD4194a,C[T>A]C,SBS40
PD4194a,C[T>A]G,SBS40
PD4194a,C[T>A]T,SBS40
PD4194a,C[T>C]A,SBS40
PD4194a,C[T>C]C,SBS40
PD4194a,C[T>C]G,SBS5
PD4194a,C[T>C]T,SBS40
PD4194a,C[T>G]A,SBS40
PD4194a,C[T>G]C,SBS40
PD4194a,C[T>G]G,SBS40
PD4194a,C[T>G]T,SBS40
PD4194a,G[C>A]A,SBS40
PD4194a,G[C>A]C,SBS40
PD4194a,G[C>A]G,SBS40
PD4194a,G[C>A]T,SBS40
PD4194a,G[C>G]A,SBS40
PD4194a,G[C>G]C,SBS40
PD4194a,G[C>G]G,SBS40
PD4194a,G[C>G]T,SBS40
PD4194a,G[C>T]A,
PD4194a,G[C>T]C,SBS5
PD4194a,G[C>T]G,SBS1
PD4194a,G[C>T]T,SBS40
PD4194a,G[T>A]A,SBS40
PD4194a,G[T>A]C,SBS40
PD4194a,G[T>A]G,SBS40
PD4194a,G[T>A]T,SBS40
PD4194a,G[T>C]A,SBS5
PD4194a,G[T>C]C,
PD4194a,G[T>C]G,SBS5
PD4194a,G[T>C]T,SBS5
PD4194a,G[T>G]A,SBS40
PD4194a,G[T>G]C,SBS40
PD4194a,G[T>G]G,SBS40
PD4194a,G[T>G]T,SBS40
PD4194a,T[C>A]A,SBS40
PD4194a,T[C>A]C,SBS40
PD4194a,T[C>A]G,
PD4194a,T[C>A]T,SBS40
PD4194a,T[C>G]A,SBS13
PD4194a,T[C>G]C,
PD4194a,T[C>G]G,SBS13
PD4194a,T[C>G]T,SBS13
PD4194a,T[C>T]A,SBS2
PD4194a,T[C>T]C,
PD4194a,T[C>T]G,SBS1
PD4194a,T[C>T]T,SBS2
PD4194a,T[T>A]A,SBS40
PD4194a,T[T>A]C,SBS40
PD4194a,T[T>A]G,SBS40
PD4194a,T[T>A]T,SBS40
PD4194a,T[T>C]A,SBS5
PD4194a,T[T>C]C,SBS40
PD4194a,T[T>C]G,SBS5
PD4194a,T[T>C]T,
PD4194a,T[T>G]A,SBS40
PD4194a,T[T>G]C,SBS40
PD4194a,T[T>G]G,SBS40
PD4194a,T[T>G]T,SBS40
PD4198a,A[C>A]A,SBS40
PD4198a,A[C>A]C,SBS40
PD4198a,A[C>A]G,SBS40
PD4198a,A[C>A]T,SBS40
PD4198a,A[C>G]A,SBS40
PD4198a,A[C>G]C,SBS40
PD4198a,A[C>G]G,SBS40
PD4198a,A[C>G]T,SBS40
PD4198a,A[C>T]A,SBS40
PD4198a,A[C>T]C,SBS40
PD4198a,A[C>T]G,SBS1
PD4198a,A[C>T]T,SBS40
PD4198a,A[T>A]A,SBS40
PD4198a,A[T>A]C,SBS40
PD4198a,A[T>A]G,SBS40
PD4198a,A[T>A]T,SBS40
PD4198a,A[T>C]A,SBS40
PD4198a,A[T>C]C,SBS40
PD4198a,A[T>C]G,SBS40
PD4198a,A[T>C]T,SBS40
PD4198a,A[T>G]A,SBS40
PD4198a,A[T>G]C,SBS40
PD4198a,A[T>G]G,SBS40
PD4198a,A[T>G]T,SBS40
PD4198a,C[C>A]A,SBS40
PD4198a,C[C>A]C,SBS40
PD4198a,C[C>A]G,SBS40
PD4198a,C[C>A]T,SBS40
PD4198a,C[C>G]A,SBS40
PD4198a,C[C>G]C,SBS40
PD4198a,C[C>G]G,SBS40
PD4198a,C[C>G]T,SBS40
PD4198a,C[C>T]A,SBS40
PD4198a,C[C>T]C,SBS40
PD4198a,C[C>T]G,SBS1
PD4198a,C[C>T]T,SBS40
PD4198a,C[T>A]A,
PD4198a,C[T>A]C,SBS40
PD4198a,C[T>A]G,SBS40
PD4198a,C[T>A]T,SBS40
PD4198a,C[T>C]A,SBS40
PD4198a,C[T>C]C,SBS40
PD4198a,C[T>C]G,SBS40
PD4198a,C[T>C]T,SBS40
PD4198a,C[T>G]A,SBS40
PD4198a,C[T>G]C,SBS40
PD4198a,C[T>G]G,SBS40
PD4198a,C[T>G]T,SBS40
PD4198a,G[C>A]A,SBS40
PD4198a,G[C>A]C,SBS40
PD4198a,G[C>A]G,SBS40
PD4198a,G[C>A]T,SBS40
PD4198a,G[C>G]A,SBS40
PD4198a,G[C>G]C,SBS40
PD4198a,G[C>G]G,SBS40
PD4198a,G[C>G]T,SBS40
PD4198a,G[C>T]A,SBS40
PD4198a,G[C>T]C,SBS40
PD4198a,G[C>T]G,SBS1
PD4198a,G[C>T]T,SBS40
PD4198a,G[T>A]A,SBS40
PD4198a,G[T>A]C,SBS40
PD4198a,G[T>A]G,SBS40
PD4198a,G[T>A]T,SBS40
PD4198a,G[T>C]A,SBS40
PD4198a,G[T>C]C,SBS40
PD4198a,G[T>C]G,SBS40
PD4198a,G[T>C]T,SBS40
PD4198a,G[T>G]A,SBS40
PD4198a,G[T>G]C,SBS40
PD4198a,G[T>G]G,SBS40
PD4198a,G[T>G]T,SBS40
PD4198a,T[C>A]A,SBS40
PD4198a,T[C>A]C,SBS40
PD4198a,T[C>A]G,SBS40
PD4198a,T[C>A]T,SBS40
PD4198a,T[C>G]A,SBS13
PD4198a,T[C>G]C,SBS40
PD4198a,T[C>G]G,SBS40
PD4198a,T[C>G]T,SBS13
PD4198a,T[C>T]A,SBS2
PD4198a,T[C>T]C,SBS40
PD4198a,T[C>T]G,SBS1
PD4198a,T[C>T]T,SBS2
PD4198a,T[T>A]A,SBS40
PD4198a,T[T>A]C,SBS40
PD4198a,T[T>A]G,SBS40
PD4198a,T[T>A]T,SBS40
PD4198a,T[T>C]A,SBS40
PD4198a,T[T>C]C,SBS40
PD4198a,T[T>C]G,SBS40
PD4198a,T[T>C]T,SBS40
PD4198a,T[T>G]A,SBS40
PD4198a,T[T>G]C,SBS40
PD4198a,T[T>G]G,SBS40
PD4198a,T[T>G]T,SBS40
PD4199a,A[C>A]A,SBS5
PD4199a,A[C>A]C,SBS5
PD4199a,A[C>A]G,SBS5
PD4199a,A[C>A]T,SBS5
PD4199a,A[C>G]A,SBS5
PD4199a,A[C>G]C,SBS5
PD4199a,A[C>G]G,SBS5
PD4199a,A[C>G]T,SBS5
PD4199a,A[C>T]A,SBS5
PD4199a,A[C>T]C,SBS5
PD4199a,A[C>T]G,SBS1
PD4199a,A[C>T]T,SBS5
PD4199a,A[T>A]A,SBS5
PD4199a,A[T>A]C,SBS5
PD4199a,A[T>A]G,SBS5
PD4199a,A[T>A]T,SBS5
PD4199a,A[T>C]A,SBS5
PD4199a,A[T>C]C,SBS5
PD4199a,A[T>C]G,SBS5
PD4199a,A[T>C]T,SBS5
PD4199a,A[T>G]A,SBS5
PD4199a,A[T>G]C,SBS5
PD4199a,A[T>G]G,SBS5
PD4199a,A[T>G]T,SBS5
PD4199a,C[C>A]A,SBS5
PD4199a,C[C>A]C,SBS5
PD4199a,C[C>A]G,SBS5
PD4199a,C[C>A]T,SBS5
PD4199a,C[C>G]A,SBS13
PD4199a,C[C>G]C,SBS5
PD4199a,C[C>G]G,SBS5
PD4199a,C[C>G]T,SBS13
PD4199a,C[C>T]A,SBS5
PD4199a,C[C>T]C,SBS5
PD4199a,C[C>T]G,SBS1
PD4199a,C[C>T]T,SBS5
PD4199a,C[T>A]A,SBS5
PD4199a,C[T>A]C,SBS5
PD4199a,C[T>A]G,SBS5
PD4199a,C[T>A]T,SBS5
PD4199a,C[T>C]A,SBS5
PD4199a,C[T>C]C,SBS5
PD4199a,C[T>C]G,SBS5
PD4199a,C[T>C]T,SBS5
PD4199a,C[T>G]A,SBS5
PD4199a,C[T>G]C,SBS5
PD4199a,C[T>G]G,SBS5
PD4199a,C[T>G]T,SBS5
PD4199a,G[C>A]A,SBS5
PD4199a,G[C>A]C,SBS5
PD4199a,G[C>A]G,SBS5
PD4199a,G[C>A]T,SBS5
PD4199a,G[C>G]A,SBS5
PD4199a,G[C>G]C,SBS5
PD4199a,G[C>G]G,SBS5
PD4199a,G[C>G]T,SBS5
PD4199a,G[C>T]A,SBS5
PD4199a,G[C>T]C,SBS5
PD4199a,G[C>T]G,SBS1
PD4199a,G[C>T]T,SBS5
PD4199a,G[T>A]A,SBS5
PD4199a,G[T>A]C,SBS5
PD4199a,G[T>A]G,SBS5
PD4199a,G[T>A]T,SBS5
PD4199a,G[T>C]A,SBS5
PD4199a,G[T>C]C,SBS5
PD4199a,G[T>C]G,SBS5
PD4199a,G[T>C]T,SBS5
PD4199a,G[T>G]A,SBS5
PD4199a,G[T>G]C,SBS5
PD4199a,G[T>G]G,SBS5
PD4199a,G[T>G]T,SBS5
PD4199a,T[C>A]A,SBS13
PD4199a,T[C>A]C,SBS13
PD4199a,T[C>A]G,SBS13
PD4199a,T[C>A]T,SBS13
PD4199a,T[C>G]A,SBS13
PD4199a,T[C>G]C,SBS13
PD4199a,T[C>G]G,SBS13
PD4199a,T[C>G]T,SBS13
PD4199a,T[C>T]A,SBS2
PD4199a,T[C>T]C,SBS2
PD4199a,T[C>T]G,SBS2
PD4199a,T[C>T]T,SBS2
PD4199a,T[T>A]A,SBS5
PD4199a,T[T>A]C,SBS5
PD4199a,T[T>A]G,SBS5
PD4199a,T[T>A]T,SBS5
PD4199a,T[T>C]A,SBS5
PD4199a,T[T>C]C,SBS5
PD4199a,T[T>C]G,SBS5
PD4199a,T[T>C]T,SBS5
PD4199a,T[T>G]A,SBS5
PD4199a,T[T>G]C,SBS5
PD4199a,T[T>G]G,SBS5
PD4199a,T[T>G]T,SBS5
PD4248a,A[C>A]A,SBS40
PD4248a,A[C>A]C,SBS40
PD4248a,A[C>A]G,SBS40
PD4248a,A[C>A]T,SBS40
PD4248a,A[C>G]A,SBS40
PD4248a,A[C>G]C,SBS40
PD4248a,A[C>G]G,SBS40
PD4248a,A[C>G]T,SBS40
PD4248a,A[C>T]A,SBS40
PD4248a,A[C>T]C,SBS40
PD4248a,A[C>T]G,SBS1
PD4248a,A[C>T]T,SBS40
PD4248a,A[T>A]A,SBS40
PD4248a,A[T>A]C,SBS40
PD4248a,A[T>A]G,SBS40
PD4248a,A[T>A]T,SBS40
PD4248a,A[T>C]A,SBS40
PD4248a,A[T>C]C,SBS40
PD4248a,A[T>C]G,SBS40
PD4248a,A[T>C]T,SBS40
PD4248a,A[T>G]A,SBS40
PD4248a,A[T>G]C,SBS40
PD4248a,A[T>G]G,SBS40
PD4248a,A[T>G]T,SBS40
PD4248a,C[C>A]A,SBS40
PD4248a,C[C>A]C,SBS40
PD4248a,C[C>A]G,SBS40
PD4248a,C[C>A]T,SBS40
PD4248a,C[C>G]A,SBS40
PD4248a,C[C>G]C,SBS40
PD4248a,C[C>G]G,SBS40
PD4248a,C[C>G]T,SBS40
PD4248a,C[C>T]A,SBS40
PD4248a,C[C>T]C,SBS40
PD4248a,C[C>T]G,SBS1
PD4248a,C[C>T]T,SBS40
PD4248a,C[T>A]A,SBS40
PD4248a,C[T>A]C,SBS40
PD4248a,C[T>A]G,SBS40
PD4248a,C[T>A]T,SBS40
PD4248a,C[T>C]A,SBS40
PD4248a,C[T>C]C,SBS40
PD4248a,C[T>C]G,SBS40
PD4248a,C[T>C]T,SBS40
PD4248a,C[T>G]A,SBS40
PD4248a,C[T>G]C,SBS40
PD4248a,C[T>G]G,SBS40
PD4248a,C[T>G]T,SBS40
PD4248a,G[C>A]A,SBS40
PD4248a,G[C>A]C,SBS40
PD4248a,G[C>A]G,SBS40
PD4248a,G[C>A]T,SBS40
PD4248a,G[C>G]A,SBS40
PD4248a,G[C>G]C,SBS40
PD4248a,G[C>G]G,SBS40
PD4248a,G[C>G]T,SBS40
PD4248a,G[C>T]A,SBS40
PD4248a,G[C>T]C,SBS40
PD4248a,G[C>T]G,SBS1
PD4248a,G[C>T]T,SBS40
PD4248a,G[T>A]A,SBS40
PD4248a,G[T>A]C,SBS40
PD4248a,G[T>A]G,SBS40
PD4248a,G[T>A]T,SBS40
PD4248a,G[T>C]A,SBS40
PD4248a,G[T>C]C,SBS40
PD4248a,G[T>C]G,SBS40
PD4248a,G[T>C]T,SBS40
PD4248a,G[T>G]A,SBS40
PD4248a,G[T>G]C,SBS40
PD4248a,G[T>G]G,SBS40
PD4248a,G[T>G]T,SBS40
PD4248a,T[C>A]A,SBS40
PD4248a,T[C>A]C,SBS40
PD4248a,T[C>A]G,SBS40
PD4248a,T[C>A]T,SBS40
PD4248a,T[C>G]A,SBS40
PD4248a,T[C>G]C,SBS40
PD4248a,T[C>G]G,SBS40
PD4248a,T[C>G]T,SBS40
PD4248a,T[C>T]A,SBS40
PD4248a,T[C>T]C,SBS40
PD4248a,T[C>T]G,SBS1
PD4248a,T[C>T]T,SBS40
PD4248a,T[T>A]A,SBS40
PD4248a,T[T>A]C,SBS40
PD4248a,T[T>A]G,SBS40
PD4248a,T[T>A]T,SBS40
PD4248a,T[T>C]A,SBS40
PD4248a,T[T>C]C,SBS40
PD4248a,T[T>C]G,SBS40
PD4248a,T[T>C]T,SBS40
PD4248a,T[T>G]A,SBS40
PD4248a,T[T>G]C,SBS40
PD4248a,T[T>G]G,SBS40
PD4248a,T[T>G]T,SBS40
